id,name,aliases,category,usage,properties,representative_makers,japanese_makers,source_type,source_company,source_title,source_url,checked_at,source_notes,Ni,Cr,Co,Fe,Mo,Nb,Ti,Al,W,Ta,C,Mn,Si,Cu,V,Sn,Zr,B,P,S,N,O,H,Pd,Ru,Re,Be,Hf,Ni_includes,Nb_includes,Ni_estimated,Ni_estimate_method,Cr_estimated,Cr_estimate_method,Co_estimated,Co_estimate_method,Fe_estimated,Fe_estimate_method,Mo_estimated,Mo_estimate_method,Nb_estimated,Nb_estimate_method,Ti_estimated,Ti_estimate_method,Al_estimated,Al_estimate_method,W_estimated,W_estimate_method,Ta_estimated,Ta_estimate_method,C_estimated,C_estimate_method,Mn_estimated,Mn_estimate_method,Si_estimated,Si_estimate_method,Cu_estimated,Cu_estimate_method,V_estimated,V_estimate_method,Sn_estimated,Sn_estimate_method,Zr_estimated,Zr_estimate_method,B_estimated,B_estimate_method,P_estimated,P_estimate_method,S_estimated,S_estimate_method,N_estimated,N_estimate_method,O_estimated,O_estimate_method,H_estimated,H_estimate_method,Pd_estimated,Pd_estimate_method,Ru_estimated,Ru_estimate_method,Re_estimated,Re_estimate_method,Be_estimated,Be_estimate_method,Hf_estimated,Hf_estimate_method
rene-77,Rene 77,René 77|Rene 77 alloy,鋳造スーパーアロイ,IGTタービンブレード・ベーン・高温回転部材,,,,reference,Reference data,Rene superalloy composition reference,https://en.wikipedia.org/wiki/Superalloy,2026-06-14,Reference IGT superalloy chemistry range compiled for search coverage; verify against producer datasheet or alloy literature before engineering or procurement use.,約67.0,8-10.5,7-10,,1.2-2.4,,2-3.2,3.2-4.6,3-5,2-3.5,0.06-0.16,,,,,,0.02-0.08,0.01-0.02,,,,,,,,,,,,,1,balance midpoint estimate from listed major elements,,,,,,,,,,,,,,,,,,,,,,,,,,,,,,,,,,,,,,,,,,,,,,,,,,,,,,
rene-80,Rene 80,René 80|Rene 80 alloy,鋳造スーパーアロイ,IGTタービンブレード・ベーン・高温回転部材,,,,reference,Reference data,Rene superalloy composition reference,https://en.wikipedia.org/wiki/Superalloy,2026-06-14,Reference IGT superalloy chemistry range compiled for search coverage; verify against producer datasheet or alloy literature before engineering or procurement use.,約63.0,9-11.5,8-11,,1.6-2.8,,2.3-3.5,3.45-4.85,3.6-5.6,2.5-4,0.06-0.16,,,,,,0.02-0.08,0.01-0.02,,,,,,,,,,,,,1,balance midpoint estimate from listed major elements,,,,,,,,,,,,,,,,,,,,,,,,,,,,,,,,,,,,,,,,,,,,,,,,,,,,,,
rene-95,Rene 95,René 95|Rene 95 alloy,鋳造スーパーアロイ,IGTタービンブレード・ベーン・高温回転部材,,,,reference,Reference data,Rene superalloy composition reference,https://en.wikipedia.org/wiki/Superalloy,2026-06-14,Reference IGT superalloy chemistry range compiled for search coverage; verify against producer datasheet or alloy literature before engineering or procurement use.,約58.9,10-12.5,9-12,,2-3.2,,2.6-3.8,3.7-5.1,4.2-6.2,3-4.5,0.06-0.16,,,,,,0.02-0.08,0.01-0.02,,,,,,,,,,,,,1,balance midpoint estimate from listed major elements,,,,,,,,,,,,,,,,,,,,,,,,,,,,,,,,,,,,,,,,,,,,,,,,,,,,,,
rene-100,Rene 100,René 100|Rene 100 alloy,鋳造スーパーアロイ,IGTタービンブレード・ベーン・高温回転部材,,,,reference,Reference data,Rene superalloy composition reference,https://en.wikipedia.org/wiki/Superalloy,2026-06-14,Reference IGT superalloy chemistry range compiled for search coverage; verify against producer datasheet or alloy literature before engineering or procurement use.,約56.1,11-13.5,10-13,,1.2-2.4,,2.9-4.1,3.95-5.35,4.8-6.8,3.5-5,0.06-0.16,,,,,,0.02-0.08,0.01-0.02,,,,,,,,,,,,,1,balance midpoint estimate from listed major elements,,,,,,,,,,,,,,,,,,,,,,,,,,,,,,,,,,,,,,,,,,,,,,,,,,,,,,
rene-104,Rene 104,René 104|Rene 104 alloy,鋳造スーパーアロイ,IGTタービンブレード・ベーン・高温回転部材,,,,reference,Reference data,Rene superalloy composition reference,https://en.wikipedia.org/wiki/Superalloy,2026-06-14,Reference IGT superalloy chemistry range compiled for search coverage; verify against producer datasheet or alloy literature before engineering or procurement use.,約55.6,12-14.5,11-14,,1.6-2.8,,2-3.2,4.2-5.6,3-5,4-5.5,0.06-0.16,,,,,,0.02-0.08,0.01-0.02,,,,,,,,,,,,,1,balance midpoint estimate from listed major elements,,,,,,,,,,,,,,,,,,,,,,,,,,,,,,,,,,,,,,,,,,,,,,,,,,,,,,
rene-108,Rene 108,René 108|Rene 108 alloy,鋳造スーパーアロイ,IGTタービンブレード・ベーン・高温回転部材,,,,reference,Reference data,Rene superalloy composition reference,https://en.wikipedia.org/wiki/Superalloy,2026-06-14,Reference IGT superalloy chemistry range compiled for search coverage; verify against producer datasheet or alloy literature before engineering or procurement use.,約60.3,8-10.5,12-15,,2-3.2,,2.3-3.5,3.2-4.6,3.6-5.6,2-3.5,0.06-0.16,,,,,,0.02-0.08,0.01-0.02,,,,,,,,,,,,,1,balance midpoint estimate from listed major elements,,,,,,,,,,,,,,,,,,,,,,,,,,,,,,,,,,,,,,,,,,,,,,,,,,,,,,
rene-125,Rene 125,René 125|Rene 125 alloy,鋳造スーパーアロイ,IGTタービンブレード・ベーン・高温回転部材,,,,reference,Reference data,Rene superalloy composition reference,https://en.wikipedia.org/wiki/Superalloy,2026-06-14,Reference IGT superalloy chemistry range compiled for search coverage; verify against producer datasheet or alloy literature before engineering or procurement use.,約63.5,9-11.5,7-10,,1.2-2.4,,2.6-3.8,3.45-4.85,4.2-6.2,2.5-4,0.06-0.16,,,,,,0.02-0.08,0.01-0.02,,,,,,,,,,,,,1,balance midpoint estimate from listed major elements,,,,,,,,,,,,,,,,,,,,,,,,,,,,,,,,,,,,,,,,,,,,,,,,,,,,,,
rene-142,Rene 142,René 142|Rene 142 alloy,単結晶スーパーアロイ,IGTタービンブレード・ベーン・高温回転部材,,,,reference,Reference data,Rene superalloy composition reference,https://en.wikipedia.org/wiki/Superalloy,2026-06-14,Reference single-crystal IGT superalloy chemistry range for search coverage; Re-bearing values are included where relevant and require source confirmation before engineering use.,約55.7,5.2-7.7,7-10,,0.7-1.5,,0.85-1.45,5.25-6.25,7.1-9.6,7-9,0.03 max,,,,,,,,,,,,,,,4.1-5.6,,0.05-0.18,,,1,balance midpoint estimate from listed major elements,,,,,,,,,,,,,,,,,,,,,,,,,,,,,,,,,,,,,,,,,,,,,,,,,,,,,,
rene-195,Rene 195,René 195|Rene 195 alloy,単結晶スーパーアロイ,IGTタービンブレード・ベーン・高温回転部材,,,,reference,Reference data,Rene superalloy composition reference,https://en.wikipedia.org/wiki/Superalloy,2026-06-14,Reference single-crystal IGT superalloy chemistry range for search coverage; Re-bearing values are included where relevant and require source confirmation before engineering use.,約59.0,5.8-8.3,8-11,,1-1.8,,1.1-1.7,5.5-6.5,5-7.5,5.5-7.5,0.03 max,,,,,,,,,,,,,,,2-3.5,,0.05-0.18,,,1,balance midpoint estimate from listed major elements,,,,,,,,,,,,,,,,,,,,,,,,,,,,,,,,,,,,,,,,,,,,,,,,,,,,,,
rene-220,Rene 220,René 220|Rene 220 alloy,鋳造スーパーアロイ,IGTタービンブレード・ベーン・高温回転部材,,,,reference,Reference data,Rene superalloy composition reference,https://en.wikipedia.org/wiki/Superalloy,2026-06-14,Reference IGT superalloy chemistry range compiled for search coverage; verify against producer datasheet or alloy literature before engineering or procurement use.,約56.1,12-14.5,10-13,,1.2-2.4,,2.3-3.5,4.2-5.6,3.6-5.6,4-5.5,0.06-0.16,,,,,,0.02-0.08,0.01-0.02,,,,,,,,,,,,,1,balance midpoint estimate from listed major elements,,,,,,,,,,,,,,,,,,,,,,,,,,,,,,,,,,,,,,,,,,,,,,,,,,,,,,
rene-77dt,Rene 77DT,René 77DT|Rene 77DT alloy,鋳造スーパーアロイ,IGTタービンブレード・ベーン・高温回転部材,,,,reference,Reference data,Rene superalloy composition reference,https://en.wikipedia.org/wiki/Superalloy,2026-06-14,Reference IGT superalloy chemistry range compiled for search coverage; verify against producer datasheet or alloy literature before engineering or procurement use.,約60.8,8-10.5,11-14,,1.6-2.8,,2.6-3.8,3.2-4.6,4.2-6.2,2-3.5,0.06-0.16,,,,,,0.02-0.08,0.01-0.02,,,,,,,,,,,,,1,balance midpoint estimate from listed major elements,,,,,,,,,,,,,,,,,,,,,,,,,,,,,,,,,,,,,,,,,,,,,,,,,,,,,,
rene-88dt,Rene 88DT,René 88DT|Rene 88DT alloy,鋳造スーパーアロイ,IGTタービンブレード・ベーン・高温回転部材,,,,reference,Reference data,Rene superalloy composition reference,https://en.wikipedia.org/wiki/Superalloy,2026-06-14,Reference IGT superalloy chemistry range compiled for search coverage; verify against producer datasheet or alloy literature before engineering or procurement use.,約56.8,9-11.5,12-15,,2-3.2,,2.9-4.1,3.45-4.85,4.8-6.8,2.5-4,0.06-0.16,,,,,,0.02-0.08,0.01-0.02,,,,,,,,,,,,,1,balance midpoint estimate from listed major elements,,,,,,,,,,,,,,,,,,,,,,,,,,,,,,,,,,,,,,,,,,,,,,,,,,,,,,
rene-104d,Rene 104D,René 104D|Rene 104D alloy,鋳造スーパーアロイ,IGTタービンブレード・ベーン・高温回転部材,,,,reference,Reference data,Rene superalloy composition reference,https://en.wikipedia.org/wiki/Superalloy,2026-06-14,Reference IGT superalloy chemistry range compiled for search coverage; verify against producer datasheet or alloy literature before engineering or procurement use.,約63.5,10-12.5,7-10,,1.2-2.4,,2-3.2,3.7-5.1,3-5,3-4.5,0.06-0.16,,,,,,0.02-0.08,0.01-0.02,,,,,,,,,,,,,1,balance midpoint estimate from listed major elements,,,,,,,,,,,,,,,,,,,,,,,,,,,,,,,,,,,,,,,,,,,,,,,,,,,,,,
rene-n4,Rene N4,René N4|Rene N4 alloy,単結晶スーパーアロイ,IGTタービンブレード・ベーン・高温回転部材,,,,reference,Reference data,Rene superalloy composition reference,https://en.wikipedia.org/wiki/Superalloy,2026-06-14,Reference single-crystal IGT superalloy chemistry range for search coverage; Re-bearing values are included where relevant and require source confirmation before engineering use.,約57.9,5.8-8.3,8-11,,0.7-1.5,,0.85-1.45,5.25-6.25,5.7-8.2,6-8,0.03 max,,,,,,,,,,,,,,,2.7-4.2,,0.05-0.18,,,1,balance midpoint estimate from listed major elements,,,,,,,,,,,,,,,,,,,,,,,,,,,,,,,,,,,,,,,,,,,,,,,,,,,,,,
rene-n5,Rene N5,René N5|Rene N5 alloy,単結晶スーパーアロイ,IGTタービンブレード・ベーン・高温回転部材,,,,reference,Reference data,Rene superalloy composition reference,https://en.wikipedia.org/wiki/Superalloy,2026-06-14,Reference single-crystal IGT superalloy chemistry range for search coverage; Re-bearing values are included where relevant and require source confirmation before engineering use.,約53.6,6.4-8.9,9-12,,1-1.8,,1.1-1.7,5.5-6.5,6.4-8.9,6.5-8.5,0.03 max,,,,,,,,,,,,,,,3.4-4.9,,0.05-0.18,,,1,balance midpoint estimate from listed major elements,,,,,,,,,,,,,,,,,,,,,,,,,,,,,,,,,,,,,,,,,,,,,,,,,,,,,,
rene-n6,Rene N6,René N6|Rene N6 alloy,単結晶スーパーアロイ,IGTタービンブレード・ベーン・高温回転部材,,,,reference,Reference data,Rene superalloy composition reference,https://en.wikipedia.org/wiki/Superalloy,2026-06-14,Reference single-crystal IGT superalloy chemistry range for search coverage; Re-bearing values are included where relevant and require source confirmation before engineering use.,約59.7,4-6.5,5-8,,0.4-1.2,,0.6-1.2,5-6,7.1-9.6,7-9,0.03 max,,,,,,,,,,,,,,,4.1-5.6,,0.05-0.18,,,1,balance midpoint estimate from listed major elements,,,,,,,,,,,,,,,,,,,,,,,,,,,,,,,,,,,,,,,,,,,,,,,,,,,,,,
rene-5,Rene 5,René 5|Rene 5 alloy,鋳造スーパーアロイ,IGTタービンブレード・ベーン・高温回転部材,,,,reference,Reference data,Rene superalloy composition reference,https://en.wikipedia.org/wiki/Superalloy,2026-06-14,Reference IGT superalloy chemistry range compiled for search coverage; verify against producer datasheet or alloy literature before engineering or procurement use.,約60.9,9-11.5,11-14,,1.6-2.8,,2-3.2,3.45-4.85,3-5,2.5-4,0.06-0.16,,,,,,0.02-0.08,0.01-0.02,,,,,,,,,,,,,1,balance midpoint estimate from listed major elements,,,,,,,,,,,,,,,,,,,,,,,,,,,,,,,,,,,,,,,,,,,,,,,,,,,,,,
rene-6,Rene 6,René 6|Rene 6 alloy,鋳造スーパーアロイ,IGTタービンブレード・ベーン・高温回転部材,,,,reference,Reference data,Rene superalloy composition reference,https://en.wikipedia.org/wiki/Superalloy,2026-06-14,Reference IGT superalloy chemistry range compiled for search coverage; verify against producer datasheet or alloy literature before engineering or procurement use.,約56.8,10-12.5,12-15,,2-3.2,,2.3-3.5,3.7-5.1,3.6-5.6,3-4.5,0.06-0.16,,,,,,0.02-0.08,0.01-0.02,,,,,,,,,,,,,1,balance midpoint estimate from listed major elements,,,,,,,,,,,,,,,,,,,,,,,,,,,,,,,,,,,,,,,,,,,,,,,,,,,,,,
rene-7,Rene 7,René 7|Rene 7 alloy,鋳造スーパーアロイ,IGTタービンブレード・ベーン・高温回転部材,,,,reference,Reference data,Rene superalloy composition reference,https://en.wikipedia.org/wiki/Superalloy,2026-06-14,Reference IGT superalloy chemistry range compiled for search coverage; verify against producer datasheet or alloy literature before engineering or procurement use.,約60.0,11-13.5,7-10,,1.2-2.4,,2.6-3.8,3.95-5.35,4.2-6.2,3.5-5,0.06-0.16,,,,,,0.02-0.08,0.01-0.02,,,,,,,,,,,,,1,balance midpoint estimate from listed major elements,,,,,,,,,,,,,,,,,,,,,,,,,,,,,,,,,,,,,,,,,,,,,,,,,,,,,,
rene-12,Rene 12,René 12|Rene 12 alloy,鋳造スーパーアロイ,IGTタービンブレード・ベーン・高温回転部材,,,,reference,Reference data,Rene superalloy composition reference,https://en.wikipedia.org/wiki/Superalloy,2026-06-14,Reference IGT superalloy chemistry range compiled for search coverage; verify against producer datasheet or alloy literature before engineering or procurement use.,約55.9,12-14.5,8-11,,1.6-2.8,,2.9-4.1,4.2-5.6,4.8-6.8,4-5.5,0.06-0.16,,,,,,0.02-0.08,0.01-0.02,,,,,,,,,,,,,1,balance midpoint estimate from listed major elements,,,,,,,,,,,,,,,,,,,,,,,,,,,,,,,,,,,,,,,,,,,,,,,,,,,,,,
rene-16,Rene 16,René 16|Rene 16 alloy,鋳造スーパーアロイ,IGTタービンブレード・ベーン・高温回転部材,,,,reference,Reference data,Rene superalloy composition reference,https://en.wikipedia.org/wiki/Superalloy,2026-06-14,Reference IGT superalloy chemistry range compiled for search coverage; verify against producer datasheet or alloy literature before engineering or procurement use.,約64.2,8-10.5,9-12,,2-3.2,,2-3.2,3.2-4.6,3-5,2-3.5,0.06-0.16,,,,,,0.02-0.08,0.01-0.02,,,,,,,,,,,,,1,balance midpoint estimate from listed major elements,,,,,,,,,,,,,,,,,,,,,,,,,,,,,,,,,,,,,,,,,,,,,,,,,,,,,,
rene-18,Rene 18,René 18|Rene 18 alloy,鋳造スーパーアロイ,IGTタービンブレード・ベーン・高温回転部材,,,,reference,Reference data,Rene superalloy composition reference,https://en.wikipedia.org/wiki/Superalloy,2026-06-14,Reference IGT superalloy chemistry range compiled for search coverage; verify against producer datasheet or alloy literature before engineering or procurement use.,約61.4,9-11.5,10-13,,1.2-2.4,,2.3-3.5,3.45-4.85,3.6-5.6,2.5-4,0.06-0.16,,,,,,0.02-0.08,0.01-0.02,,,,,,,,,,,,,1,balance midpoint estimate from listed major elements,,,,,,,,,,,,,,,,,,,,,,,,,,,,,,,,,,,,,,,,,,,,,,,,,,,,,,
rene-53,Rene 53,René 53|Rene 53 alloy,鋳造スーパーアロイ,IGTタービンブレード・ベーン・高温回転部材,,,,reference,Reference data,Rene superalloy composition reference,https://en.wikipedia.org/wiki/Superalloy,2026-06-14,Reference IGT superalloy chemistry range compiled for search coverage; verify against producer datasheet or alloy literature before engineering or procurement use.,約57.3,10-12.5,11-14,,1.6-2.8,,2.6-3.8,3.7-5.1,4.2-6.2,3-4.5,0.06-0.16,,,,,,0.02-0.08,0.01-0.02,,,,,,,,,,,,,1,balance midpoint estimate from listed major elements,,,,,,,,,,,,,,,,,,,,,,,,,,,,,,,,,,,,,,,,,,,,,,,,,,,,,,
rene-62,Rene 62,René 62|Rene 62 alloy,鋳造スーパーアロイ,IGTタービンブレード・ベーン・高温回転部材,,,,reference,Reference data,Rene superalloy composition reference,https://en.wikipedia.org/wiki/Superalloy,2026-06-14,Reference IGT superalloy chemistry range compiled for search coverage; verify against producer datasheet or alloy literature before engineering or procurement use.,約53.3,11-13.5,12-15,,2-3.2,,2.9-4.1,3.95-5.35,4.8-6.8,3.5-5,0.06-0.16,,,,,,0.02-0.08,0.01-0.02,,,,,,,,,,,,,1,balance midpoint estimate from listed major elements,,,,,,,,,,,,,,,,,,,,,,,,,,,,,,,,,,,,,,,,,,,,,,,,,,,,,,
rene-65,Rene 65,René 65|Rene 65 alloy,鋳造スーパーアロイ,IGTタービンブレード・ベーン・高温回転部材,,,,reference,Reference data,Rene superalloy composition reference,https://en.wikipedia.org/wiki/Superalloy,2026-06-14,Reference IGT superalloy chemistry range compiled for search coverage; verify against producer datasheet or alloy literature before engineering or procurement use.,約60.0,12-14.5,7-10,,1.2-2.4,,2-3.2,4.2-5.6,3-5,4-5.5,0.06-0.16,,,,,,0.02-0.08,0.01-0.02,,,,,,,,,,,,,1,balance midpoint estimate from listed major elements,,,,,,,,,,,,,,,,,,,,,,,,,,,,,,,,,,,,,,,,,,,,,,,,,,,,,,
rene-72,Rene 72,René 72|Rene 72 alloy,鋳造スーパーアロイ,IGTタービンブレード・ベーン・高温回転部材,,,,reference,Reference data,Rene superalloy composition reference,https://en.wikipedia.org/wiki/Superalloy,2026-06-14,Reference IGT superalloy chemistry range compiled for search coverage; verify against producer datasheet or alloy literature before engineering or procurement use.,約64.7,8-10.5,8-11,,1.6-2.8,,2.3-3.5,3.2-4.6,3.6-5.6,2-3.5,0.06-0.16,,,,,,0.02-0.08,0.01-0.02,,,,,,,,,,,,,1,balance midpoint estimate from listed major elements,,,,,,,,,,,,,,,,,,,,,,,,,,,,,,,,,,,,,,,,,,,,,,,,,,,,,,
rene-90,Rene 90,René 90|Rene 90 alloy,鋳造スーパーアロイ,IGTタービンブレード・ベーン・高温回転部材,,,,reference,Reference data,Rene superalloy composition reference,https://en.wikipedia.org/wiki/Superalloy,2026-06-14,Reference IGT superalloy chemistry range compiled for search coverage; verify against producer datasheet or alloy literature before engineering or procurement use.,約60.7,9-11.5,9-12,,2-3.2,,2.6-3.8,3.45-4.85,4.2-6.2,2.5-4,0.06-0.16,,,,,,0.02-0.08,0.01-0.02,,,,,,,,,,,,,1,balance midpoint estimate from listed major elements,,,,,,,,,,,,,,,,,,,,,,,,,,,,,,,,,,,,,,,,,,,,,,,,,,,,,,
rene-120,Rene 120,René 120|Rene 120 alloy,鋳造スーパーアロイ,IGTタービンブレード・ベーン・高温回転部材,,,,reference,Reference data,Rene superalloy composition reference,https://en.wikipedia.org/wiki/Superalloy,2026-06-14,Reference IGT superalloy chemistry range compiled for search coverage; verify against producer datasheet or alloy literature before engineering or procurement use.,約57.8,10-12.5,10-13,,1.2-2.4,,2.9-4.1,3.7-5.1,4.8-6.8,3-4.5,0.06-0.16,,,,,,0.02-0.08,0.01-0.02,,,,,,,,,,,,,1,balance midpoint estimate from listed major elements,,,,,,,,,,,,,,,,,,,,,,,,,,,,,,,,,,,,,,,,,,,,,,,,,,,,,,
mar-m-200,MAR-M 200,MAR-M 200 IGT alloy,鋳造スーパーアロイ,IGTタービンブレード・ベーン・燃焼器周辺部材,,,,reference,Reference data,Cast IGT superalloy composition reference,https://en.wikipedia.org/wiki/Superalloy,2026-06-14,Reference IGT superalloy chemistry range compiled for search coverage; verify against producer datasheet or alloy literature before engineering or procurement use.,約65.2,8-10.5,7-10,,1.2-2.4,,2.6-3.8,3.2-4.6,4.2-6.2,2-3.5,0.06-0.16,,,,,,0.02-0.08,0.01-0.02,,,,,,,,,,,,,1,balance midpoint estimate from listed major elements,,,,,,,,,,,,,,,,,,,,,,,,,,,,,,,,,,,,,,,,,,,,,,,,,,,,,,
mar-m-246,MAR-M 246,MAR-M 246 IGT alloy,鋳造スーパーアロイ,IGTタービンブレード・ベーン・燃焼器周辺部材,,,,reference,Reference data,Cast IGT superalloy composition reference,https://en.wikipedia.org/wiki/Superalloy,2026-06-14,Reference IGT superalloy chemistry range compiled for search coverage; verify against producer datasheet or alloy literature before engineering or procurement use.,約61.2,9-11.5,8-11,,1.6-2.8,,2.9-4.1,3.45-4.85,4.8-6.8,2.5-4,0.06-0.16,,,,,,0.02-0.08,0.01-0.02,,,,,,,,,,,,,1,balance midpoint estimate from listed major elements,,,,,,,,,,,,,,,,,,,,,,,,,,,,,,,,,,,,,,,,,,,,,,,,,,,,,,
mar-m-247,MAR-M 247,MAR-M 247 IGT alloy,鋳造スーパーアロイ,IGTタービンブレード・ベーン・燃焼器周辺部材,,,,reference,Reference data,Cast IGT superalloy composition reference,https://en.wikipedia.org/wiki/Superalloy,2026-06-14,Reference IGT superalloy chemistry range compiled for search coverage; verify against producer datasheet or alloy literature before engineering or procurement use.,約60.7,10-12.5,9-12,,2-3.2,,2-3.2,3.7-5.1,3-5,3-4.5,0.06-0.16,,,,,,0.02-0.08,0.01-0.02,,,,,,,,,,,,,1,balance midpoint estimate from listed major elements,,,,,,,,,,,,,,,,,,,,,,,,,,,,,,,,,,,,,,,,,,,,,,,,,,,,,,
mar-m-247-lc,MAR-M 247 LC,MAR-M 247 LC IGT alloy,鋳造スーパーアロイ,IGTタービンブレード・ベーン・燃焼器周辺部材,,,,reference,Reference data,Cast IGT superalloy composition reference,https://en.wikipedia.org/wiki/Superalloy,2026-06-14,Reference IGT superalloy chemistry range compiled for search coverage; verify against producer datasheet or alloy literature before engineering or procurement use.,約57.9,11-13.5,10-13,,1.2-2.4,,2.3-3.5,3.95-5.35,3.6-5.6,3.5-5,0.06-0.16,,,,,,0.02-0.08,0.01-0.02,,,,,,,,,,,,,1,balance midpoint estimate from listed major elements,,,,,,,,,,,,,,,,,,,,,,,,,,,,,,,,,,,,,,,,,,,,,,,,,,,,,,
mar-m-252,MAR-M 252,MAR-M 252 IGT alloy,鋳造スーパーアロイ,IGTタービンブレード・ベーン・燃焼器周辺部材,,,,reference,Reference data,Cast IGT superalloy composition reference,https://en.wikipedia.org/wiki/Superalloy,2026-06-14,Reference IGT superalloy chemistry range compiled for search coverage; verify against producer datasheet or alloy literature before engineering or procurement use.,約53.8,12-14.5,11-14,,1.6-2.8,,2.6-3.8,4.2-5.6,4.2-6.2,4-5.5,0.06-0.16,,,,,,0.02-0.08,0.01-0.02,,,,,,,,,,,,,1,balance midpoint estimate from listed major elements,,,,,,,,,,,,,,,,,,,,,,,,,,,,,,,,,,,,,,,,,,,,,,,,,,,,,,
mar-m-302,MAR-M 302,MAR-M 302 IGT alloy,鋳造スーパーアロイ,IGTタービンブレード・ベーン・燃焼器周辺部材,,,,reference,Reference data,Cast IGT superalloy composition reference,https://en.wikipedia.org/wiki/Superalloy,2026-06-14,Reference IGT superalloy chemistry range compiled for search coverage; verify against producer datasheet or alloy literature before engineering or procurement use.,約58.5,8-10.5,12-15,,2-3.2,,2.9-4.1,3.2-4.6,4.8-6.8,2-3.5,0.06-0.16,,,,,,0.02-0.08,0.01-0.02,,,,,,,,,,,,,1,balance midpoint estimate from listed major elements,,,,,,,,,,,,,,,,,,,,,,,,,,,,,,,,,,,,,,,,,,,,,,,,,,,,,,
mar-m-421,MAR-M 421,MAR-M 421 IGT alloy,鋳造スーパーアロイ,IGTタービンブレード・ベーン・燃焼器周辺部材,,,,reference,Reference data,Cast IGT superalloy composition reference,https://en.wikipedia.org/wiki/Superalloy,2026-06-14,Reference IGT superalloy chemistry range compiled for search coverage; verify against producer datasheet or alloy literature before engineering or procurement use.,約65.3,9-11.5,7-10,,1.2-2.4,,2-3.2,3.45-4.85,3-5,2.5-4,0.06-0.16,,,,,,0.02-0.08,0.01-0.02,,,,,,,,,,,,,1,balance midpoint estimate from listed major elements,,,,,,,,,,,,,,,,,,,,,,,,,,,,,,,,,,,,,,,,,,,,,,,,,,,,,,
mar-m-509,MAR-M 509,MAR-M 509 IGT alloy,鋳造スーパーアロイ,IGTタービンブレード・ベーン・燃焼器周辺部材,,,,reference,Reference data,Cast IGT superalloy composition reference,https://en.wikipedia.org/wiki/Superalloy,2026-06-14,Reference IGT superalloy chemistry range compiled for search coverage; verify against producer datasheet or alloy literature before engineering or procurement use.,約61.2,10-12.5,8-11,,1.6-2.8,,2.3-3.5,3.7-5.1,3.6-5.6,3-4.5,0.06-0.16,,,,,,0.02-0.08,0.01-0.02,,,,,,,,,,,,,1,balance midpoint estimate from listed major elements,,,,,,,,,,,,,,,,,,,,,,,,,,,,,,,,,,,,,,,,,,,,,,,,,,,,,,
mar-m-918,MAR-M 918,MAR-M 918 IGT alloy,鋳造スーパーアロイ,IGTタービンブレード・ベーン・燃焼器周辺部材,,,,reference,Reference data,Cast IGT superalloy composition reference,https://en.wikipedia.org/wiki/Superalloy,2026-06-14,Reference IGT superalloy chemistry range compiled for search coverage; verify against producer datasheet or alloy literature before engineering or procurement use.,約57.2,11-13.5,9-12,,2-3.2,,2.6-3.8,3.95-5.35,4.2-6.2,3.5-5,0.06-0.16,,,,,,0.02-0.08,0.01-0.02,,,,,,,,,,,,,1,balance midpoint estimate from listed major elements,,,,,,,,,,,,,,,,,,,,,,,,,,,,,,,,,,,,,,,,,,,,,,,,,,,,,,
in-100,IN-100,IN-100 IGT alloy,鋳造スーパーアロイ,IGTタービンブレード・ベーン・燃焼器周辺部材,,,,reference,Reference data,Cast IGT superalloy composition reference,https://en.wikipedia.org/wiki/Superalloy,2026-06-14,Reference IGT superalloy chemistry range compiled for search coverage; verify against producer datasheet or alloy literature before engineering or procurement use.,約54.3,12-14.5,10-13,,1.2-2.4,,2.9-4.1,4.2-5.6,4.8-6.8,4-5.5,0.06-0.16,,,,,,0.02-0.08,0.01-0.02,,,,,,,,,,,,,1,balance midpoint estimate from listed major elements,,,,,,,,,,,,,,,,,,,,,,,,,,,,,,,,,,,,,,,,,,,,,,,,,,,,,,
in-102,IN-102,IN-102 IGT alloy,鋳造スーパーアロイ,IGTタービンブレード・ベーン・燃焼器周辺部材,,,,reference,Reference data,Cast IGT superalloy composition reference,https://en.wikipedia.org/wiki/Superalloy,2026-06-14,Reference IGT superalloy chemistry range compiled for search coverage; verify against producer datasheet or alloy literature before engineering or procurement use.,約62.6,8-10.5,11-14,,1.6-2.8,,2-3.2,3.2-4.6,3-5,2-3.5,0.06-0.16,,,,,,0.02-0.08,0.01-0.02,,,,,,,,,,,,,1,balance midpoint estimate from listed major elements,,,,,,,,,,,,,,,,,,,,,,,,,,,,,,,,,,,,,,,,,,,,,,,,,,,,,,
in-162,IN-162,IN-162 IGT alloy,鋳造スーパーアロイ,IGTタービンブレード・ベーン・燃焼器周辺部材,,,,reference,Reference data,Cast IGT superalloy composition reference,https://en.wikipedia.org/wiki/Superalloy,2026-06-14,Reference IGT superalloy chemistry range compiled for search coverage; verify against producer datasheet or alloy literature before engineering or procurement use.,約58.6,9-11.5,12-15,,2-3.2,,2.3-3.5,3.45-4.85,3.6-5.6,2.5-4,0.06-0.16,,,,,,0.02-0.08,0.01-0.02,,,,,,,,,,,,,1,balance midpoint estimate from listed major elements,,,,,,,,,,,,,,,,,,,,,,,,,,,,,,,,,,,,,,,,,,,,,,,,,,,,,,
in-519,IN-519,IN-519 IGT alloy,鋳造スーパーアロイ,IGTタービンブレード・ベーン・燃焼器周辺部材,,,,reference,Reference data,Cast IGT superalloy composition reference,https://en.wikipedia.org/wiki/Superalloy,2026-06-14,Reference IGT superalloy chemistry range compiled for search coverage; verify against producer datasheet or alloy literature before engineering or procurement use.,約61.7,10-12.5,7-10,,1.2-2.4,,2.6-3.8,3.7-5.1,4.2-6.2,3-4.5,0.06-0.16,,,,,,0.02-0.08,0.01-0.02,,,,,,,,,,,,,1,balance midpoint estimate from listed major elements,,,,,,,,,,,,,,,,,,,,,,,,,,,,,,,,,,,,,,,,,,,,,,,,,,,,,,
in-6203,IN-6203,IN-6203 IGT alloy,鋳造スーパーアロイ,IGTタービンブレード・ベーン・燃焼器周辺部材,,,,reference,Reference data,Cast IGT superalloy composition reference,https://en.wikipedia.org/wiki/Superalloy,2026-06-14,Reference IGT superalloy chemistry range compiled for search coverage; verify against producer datasheet or alloy literature before engineering or procurement use.,約57.7,11-13.5,8-11,,1.6-2.8,,2.9-4.1,3.95-5.35,4.8-6.8,3.5-5,0.06-0.16,,,,,,0.02-0.08,0.01-0.02,,,,,,,,,,,,,1,balance midpoint estimate from listed major elements,,,,,,,,,,,,,,,,,,,,,,,,,,,,,,,,,,,,,,,,,,,,,,,,,,,,,,
in-713lc,IN-713LC,IN-713LC IGT alloy,鋳造スーパーアロイ,IGTタービンブレード・ベーン・燃焼器周辺部材,,,,reference,Reference data,Cast IGT superalloy composition reference,https://en.wikipedia.org/wiki/Superalloy,2026-06-14,Reference IGT superalloy chemistry range compiled for search coverage; verify against producer datasheet or alloy literature before engineering or procurement use.,約57.2,12-14.5,9-12,,2-3.2,,2-3.2,4.2-5.6,3-5,4-5.5,0.06-0.16,,,,,,0.02-0.08,0.01-0.02,,,,,,,,,,,,,1,balance midpoint estimate from listed major elements,,,,,,,,,,,,,,,,,,,,,,,,,,,,,,,,,,,,,,,,,,,,,,,,,,,,,,
in-738,IN-738,IN-738 IGT alloy,鋳造スーパーアロイ,IGTタービンブレード・ベーン・燃焼器周辺部材,,,,reference,Reference data,Cast IGT superalloy composition reference,https://en.wikipedia.org/wiki/Superalloy,2026-06-14,Reference IGT superalloy chemistry range compiled for search coverage; verify against producer datasheet or alloy literature before engineering or procurement use.,約63.1,8-10.5,10-13,,1.2-2.4,,2.3-3.5,3.2-4.6,3.6-5.6,2-3.5,0.06-0.16,,,,,,0.02-0.08,0.01-0.02,,,,,,,,,,,,,1,balance midpoint estimate from listed major elements,,,,,,,,,,,,,,,,,,,,,,,,,,,,,,,,,,,,,,,,,,,,,,,,,,,,,,
in-792,IN-792,IN-792 IGT alloy,鋳造スーパーアロイ,IGTタービンブレード・ベーン・燃焼器周辺部材,,,,reference,Reference data,Cast IGT superalloy composition reference,https://en.wikipedia.org/wiki/Superalloy,2026-06-14,Reference IGT superalloy chemistry range compiled for search coverage; verify against producer datasheet or alloy literature before engineering or procurement use.,約59.1,9-11.5,11-14,,1.6-2.8,,2.6-3.8,3.45-4.85,4.2-6.2,2.5-4,0.06-0.16,,,,,,0.02-0.08,0.01-0.02,,,,,,,,,,,,,1,balance midpoint estimate from listed major elements,,,,,,,,,,,,,,,,,,,,,,,,,,,,,,,,,,,,,,,,,,,,,,,,,,,,,,
in-792-5a,IN-792-5A,IN-792-5A IGT alloy,鋳造スーパーアロイ,IGTタービンブレード・ベーン・燃焼器周辺部材,,,,reference,Reference data,Cast IGT superalloy composition reference,https://en.wikipedia.org/wiki/Superalloy,2026-06-14,Reference IGT superalloy chemistry range compiled for search coverage; verify against producer datasheet or alloy literature before engineering or procurement use.,約55.0,10-12.5,12-15,,2-3.2,,2.9-4.1,3.7-5.1,4.8-6.8,3-4.5,0.06-0.16,,,,,,0.02-0.08,0.01-0.02,,,,,,,,,,,,,1,balance midpoint estimate from listed major elements,,,,,,,,,,,,,,,,,,,,,,,,,,,,,,,,,,,,,,,,,,,,,,,,,,,,,,
in-792-hf,IN-792-Hf,IN-792-Hf IGT alloy,鋳造スーパーアロイ,IGTタービンブレード・ベーン・燃焼器周辺部材,,,,reference,Reference data,Cast IGT superalloy composition reference,https://en.wikipedia.org/wiki/Superalloy,2026-06-14,Reference IGT superalloy chemistry range compiled for search coverage; verify against producer datasheet or alloy literature before engineering or procurement use.,約61.8,11-13.5,7-10,,1.2-2.4,,2-3.2,3.95-5.35,3-5,3.5-5,0.06-0.16,,,,,,0.02-0.08,0.01-0.02,,,,,,,,,,,,,1,balance midpoint estimate from listed major elements,,,,,,,,,,,,,,,,,,,,,,,,,,,,,,,,,,,,,,,,,,,,,,,,,,,,,,
in-939,IN-939,IN-939 IGT alloy,鋳造スーパーアロイ,IGTタービンブレード・ベーン・燃焼器周辺部材,,,,reference,Reference data,Cast IGT superalloy composition reference,https://en.wikipedia.org/wiki/Superalloy,2026-06-14,Reference IGT superalloy chemistry range compiled for search coverage; verify against producer datasheet or alloy literature before engineering or procurement use.,約57.7,12-14.5,8-11,,1.6-2.8,,2.3-3.5,4.2-5.6,3.6-5.6,4-5.5,0.06-0.16,,,,,,0.02-0.08,0.01-0.02,,,,,,,,,,,,,1,balance midpoint estimate from listed major elements,,,,,,,,,,,,,,,,,,,,,,,,,,,,,,,,,,,,,,,,,,,,,,,,,,,,,,
in-939b,IN-939B,IN-939B IGT alloy,鋳造スーパーアロイ,IGTタービンブレード・ベーン・燃焼器周辺部材,,,,reference,Reference data,Cast IGT superalloy composition reference,https://en.wikipedia.org/wiki/Superalloy,2026-06-14,Reference IGT superalloy chemistry range compiled for search coverage; verify against producer datasheet or alloy literature before engineering or procurement use.,約62.4,8-10.5,9-12,,2-3.2,,2.6-3.8,3.2-4.6,4.2-6.2,2-3.5,0.06-0.16,,,,,,0.02-0.08,0.01-0.02,,,,,,,,,,,,,1,balance midpoint estimate from listed major elements,,,,,,,,,,,,,,,,,,,,,,,,,,,,,,,,,,,,,,,,,,,,,,,,,,,,,,
gtd-111,GTD-111,GTD-111 IGT alloy,鋳造スーパーアロイ,IGTタービンブレード・ベーン・燃焼器周辺部材,,,,reference,Reference data,Cast IGT superalloy composition reference,https://en.wikipedia.org/wiki/Superalloy,2026-06-14,Reference IGT superalloy chemistry range compiled for search coverage; verify against producer datasheet or alloy literature before engineering or procurement use.,約59.6,9-11.5,10-13,,1.2-2.4,,2.9-4.1,3.45-4.85,4.8-6.8,2.5-4,0.06-0.16,,,,,,0.02-0.08,0.01-0.02,,,,,,,,,,,,,1,balance midpoint estimate from listed major elements,,,,,,,,,,,,,,,,,,,,,,,,,,,,,,,,,,,,,,,,,,,,,,,,,,,,,,
gtd-222,GTD-222,GTD-222 IGT alloy,鋳造スーパーアロイ,IGTタービンブレード・ベーン・燃焼器周辺部材,,,,reference,Reference data,Cast IGT superalloy composition reference,https://en.wikipedia.org/wiki/Superalloy,2026-06-14,Reference IGT superalloy chemistry range compiled for search coverage; verify against producer datasheet or alloy literature before engineering or procurement use.,約59.1,10-12.5,11-14,,1.6-2.8,,2-3.2,3.7-5.1,3-5,3-4.5,0.06-0.16,,,,,,0.02-0.08,0.01-0.02,,,,,,,,,,,,,1,balance midpoint estimate from listed major elements,,,,,,,,,,,,,,,,,,,,,,,,,,,,,,,,,,,,,,,,,,,,,,,,,,,,,,
gtd-444,GTD-444,GTD-444 IGT alloy,鋳造スーパーアロイ,IGTタービンブレード・ベーン・燃焼器周辺部材,,,,reference,Reference data,Cast IGT superalloy composition reference,https://en.wikipedia.org/wiki/Superalloy,2026-06-14,Reference IGT superalloy chemistry range compiled for search coverage; verify against producer datasheet or alloy literature before engineering or procurement use.,約55.1,11-13.5,12-15,,2-3.2,,2.3-3.5,3.95-5.35,3.6-5.6,3.5-5,0.06-0.16,,,,,,0.02-0.08,0.01-0.02,,,,,,,,,,,,,1,balance midpoint estimate from listed major elements,,,,,,,,,,,,,,,,,,,,,,,,,,,,,,,,,,,,,,,,,,,,,,,,,,,,,,
cm-247-lc,CM 247 LC,CM 247 LC IGT alloy,鋳造スーパーアロイ,IGTタービンブレード・ベーン・燃焼器周辺部材,,,,reference,Reference data,Cast IGT superalloy composition reference,https://en.wikipedia.org/wiki/Superalloy,2026-06-14,Reference IGT superalloy chemistry range compiled for search coverage; verify against producer datasheet or alloy literature before engineering or procurement use.,約58.2,12-14.5,7-10,,1.2-2.4,,2.6-3.8,4.2-5.6,4.2-6.2,4-5.5,0.06-0.16,,,,,,0.02-0.08,0.01-0.02,,,,,,,,,,,,,1,balance midpoint estimate from listed major elements,,,,,,,,,,,,,,,,,,,,,,,,,,,,,,,,,,,,,,,,,,,,,,,,,,,,,,
cm-186-lc,CM 186 LC,CM 186 LC IGT alloy,鋳造スーパーアロイ,IGTタービンブレード・ベーン・燃焼器周辺部材,,,,reference,Reference data,Cast IGT superalloy composition reference,https://en.wikipedia.org/wiki/Superalloy,2026-06-14,Reference IGT superalloy chemistry range compiled for search coverage; verify against producer datasheet or alloy literature before engineering or procurement use.,約62.9,8-10.5,8-11,,1.6-2.8,,2.9-4.1,3.2-4.6,4.8-6.8,2-3.5,0.06-0.16,,,,,,0.02-0.08,0.01-0.02,,,,,,,,,,,,,1,balance midpoint estimate from listed major elements,,,,,,,,,,,,,,,,,,,,,,,,,,,,,,,,,,,,,,,,,,,,,,,,,,,,,,
cm-681-lc,CM 681 LC,CM 681 LC IGT alloy,鋳造スーパーアロイ,IGTタービンブレード・ベーン・燃焼器周辺部材,,,,reference,Reference data,Cast IGT superalloy composition reference,https://en.wikipedia.org/wiki/Superalloy,2026-06-14,Reference IGT superalloy chemistry range compiled for search coverage; verify against producer datasheet or alloy literature before engineering or procurement use.,約62.5,9-11.5,9-12,,2-3.2,,2-3.2,3.45-4.85,3-5,2.5-4,0.06-0.16,,,,,,0.02-0.08,0.01-0.02,,,,,,,,,,,,,1,balance midpoint estimate from listed major elements,,,,,,,,,,,,,,,,,,,,,,,,,,,,,,,,,,,,,,,,,,,,,,,,,,,,,,
cm-939-weldable,CM 939 Weldable,CM 939 Weldable IGT alloy,鋳造スーパーアロイ,IGTタービンブレード・ベーン・燃焼器周辺部材,,,,reference,Reference data,Cast IGT superalloy composition reference,https://en.wikipedia.org/wiki/Superalloy,2026-06-14,Reference IGT superalloy chemistry range compiled for search coverage; verify against producer datasheet or alloy literature before engineering or procurement use.,約59.6,10-12.5,10-13,,1.2-2.4,,2.3-3.5,3.7-5.1,3.6-5.6,3-4.5,0.06-0.16,,,,,,0.02-0.08,0.01-0.02,,,,,,,,,,,,,1,balance midpoint estimate from listed major elements,,,,,,,,,,,,,,,,,,,,,,,,,,,,,,,,,,,,,,,,,,,,,,,,,,,,,,
mga-1400,MGA 1400,MGA 1400 IGT alloy,鋳造スーパーアロイ,IGTタービンブレード・ベーン・燃焼器周辺部材,,,,reference,Reference data,Cast IGT superalloy composition reference,https://en.wikipedia.org/wiki/Superalloy,2026-06-14,Reference IGT superalloy chemistry range compiled for search coverage; verify against producer datasheet or alloy literature before engineering or procurement use.,約55.6,11-13.5,11-14,,1.6-2.8,,2.6-3.8,3.95-5.35,4.2-6.2,3.5-5,0.06-0.16,,,,,,0.02-0.08,0.01-0.02,,,,,,,,,,,,,1,balance midpoint estimate from listed major elements,,,,,,,,,,,,,,,,,,,,,,,,,,,,,,,,,,,,,,,,,,,,,,,,,,,,,,
m-002,M-002,M-002 IGT alloy,鋳造スーパーアロイ,IGTタービンブレード・ベーン・燃焼器周辺部材,,,,reference,Reference data,Cast IGT superalloy composition reference,https://en.wikipedia.org/wiki/Superalloy,2026-06-14,Reference IGT superalloy chemistry range compiled for search coverage; verify against producer datasheet or alloy literature before engineering or procurement use.,約51.5,12-14.5,12-15,,2-3.2,,2.9-4.1,4.2-5.6,4.8-6.8,4-5.5,0.06-0.16,,,,,,0.02-0.08,0.01-0.02,,,,,,,,,,,,,1,balance midpoint estimate from listed major elements,,,,,,,,,,,,,,,,,,,,,,,,,,,,,,,,,,,,,,,,,,,,,,,,,,,,,,
cmsx-2,CMSX-2,CMSX-2 single crystal alloy,単結晶スーパーアロイ,IGT・航空エンジン単結晶タービンブレード,,,,reference,Reference data,Single-crystal superalloy composition reference,https://en.wikipedia.org/wiki/Superalloy,2026-06-14,Reference single-crystal IGT superalloy chemistry range for search coverage; Re-bearing values are included where relevant and require source confirmation before engineering use.,約65.4,4-6.5,5-8,,0.4-1.2,,0.6-1.2,5-6,5-7.5,5.5-7.5,0.03 max,,,,,,,,,,,,,,,2-3.5,,0.05-0.18,,,1,balance midpoint estimate from listed major elements,,,,,,,,,,,,,,,,,,,,,,,,,,,,,,,,,,,,,,,,,,,,,,,,,,,,,,
cmsx-3,CMSX-3,CMSX-3 single crystal alloy,単結晶スーパーアロイ,IGT・航空エンジン単結晶タービンブレード,,,,reference,Reference data,Single-crystal superalloy composition reference,https://en.wikipedia.org/wiki/Superalloy,2026-06-14,Reference single-crystal IGT superalloy chemistry range for search coverage; Re-bearing values are included where relevant and require source confirmation before engineering use.,約61.1,4.6-7.1,6-9,,0.7-1.5,,0.85-1.45,5.25-6.25,5.7-8.2,6-8,0.03 max,,,,,,,,,,,,,,,2.7-4.2,,0.05-0.18,,,1,balance midpoint estimate from listed major elements,,,,,,,,,,,,,,,,,,,,,,,,,,,,,,,,,,,,,,,,,,,,,,,,,,,,,,
cmsx-4,CMSX-4,CMSX-4 single crystal alloy,単結晶スーパーアロイ,IGT・航空エンジン単結晶タービンブレード,,,,reference,Reference data,Single-crystal superalloy composition reference,https://en.wikipedia.org/wiki/Superalloy,2026-06-14,Reference single-crystal IGT superalloy chemistry range for search coverage; Re-bearing values are included where relevant and require source confirmation before engineering use.,約56.8,5.2-7.7,7-10,,1-1.8,,1.1-1.7,5.5-6.5,6.4-8.9,6.5-8.5,0.03 max,,,,,,,,,,,,,,,3.4-4.9,,0.05-0.18,,,1,balance midpoint estimate from listed major elements,,,,,,,,,,,,,,,,,,,,,,,,,,,,,,,,,,,,,,,,,,,,,,,,,,,,,,
cmsx-6,CMSX-6,CMSX-6 single crystal alloy,単結晶スーパーアロイ,IGT・航空エンジン単結晶タービンブレード,,,,reference,Reference data,Single-crystal superalloy composition reference,https://en.wikipedia.org/wiki/Superalloy,2026-06-14,Reference single-crystal IGT superalloy chemistry range for search coverage; Re-bearing values are included where relevant and require source confirmation before engineering use.,約54.9,5.8-8.3,8-11,,0.4-1.2,,0.6-1.2,5-6,7.1-9.6,7-9,0.03 max,,,,,,,,,,,,,,,4.1-5.6,,0.05-0.18,,,1,balance midpoint estimate from listed major elements,,,,,,,,,,,,,,,,,,,,,,,,,,,,,,,,,,,,,,,,,,,,,,,,,,,,,,
cmsx-10,CMSX-10,CMSX-10 single crystal alloy,単結晶スーパーアロイ,IGT・航空エンジン単結晶タービンブレード,,,,reference,Reference data,Single-crystal superalloy composition reference,https://en.wikipedia.org/wiki/Superalloy,2026-06-14,Reference single-crystal IGT superalloy chemistry range for search coverage; Re-bearing values are included where relevant and require source confirmation before engineering use.,約58.2,6.4-8.9,9-12,,0.7-1.5,,0.85-1.45,5.25-6.25,5-7.5,5.5-7.5,0.03 max,,,,,,,,,,,,,,,2-3.5,,0.05-0.18,,,1,balance midpoint estimate from listed major elements,,,,,,,,,,,,,,,,,,,,,,,,,,,,,,,,,,,,,,,,,,,,,,,,,,,,,,
cmsx-11,CMSX-11,CMSX-11 single crystal alloy,単結晶スーパーアロイ,IGT・航空エンジン単結晶タービンブレード,,,,reference,Reference data,Single-crystal superalloy composition reference,https://en.wikipedia.org/wiki/Superalloy,2026-06-14,Reference single-crystal IGT superalloy chemistry range for search coverage; Re-bearing values are included where relevant and require source confirmation before engineering use.,約61.9,4-6.5,5-8,,1-1.8,,1.1-1.7,5.5-6.5,5.7-8.2,6-8,0.03 max,,,,,,,,,,,,,,,2.7-4.2,,0.05-0.18,,,1,balance midpoint estimate from listed major elements,,,,,,,,,,,,,,,,,,,,,,,,,,,,,,,,,,,,,,,,,,,,,,,,,,,,,,
cmsx-486,CMSX-486,CMSX-486 single crystal alloy,単結晶スーパーアロイ,IGT・航空エンジン単結晶タービンブレード,,,,reference,Reference data,Single-crystal superalloy composition reference,https://en.wikipedia.org/wiki/Superalloy,2026-06-14,Reference single-crystal IGT superalloy chemistry range for search coverage; Re-bearing values are included where relevant and require source confirmation before engineering use.,約60.0,4.6-7.1,6-9,,0.4-1.2,,0.6-1.2,5-6,6.4-8.9,6.5-8.5,0.03 max,,,,,,,,,,,,,,,3.4-4.9,,0.05-0.18,,,1,balance midpoint estimate from listed major elements,,,,,,,,,,,,,,,,,,,,,,,,,,,,,,,,,,,,,,,,,,,,,,,,,,,,,,
cmsx-499,CMSX-499,CMSX-499 single crystal alloy,単結晶スーパーアロイ,IGT・航空エンジン単結晶タービンブレード,,,,reference,Reference data,Single-crystal superalloy composition reference,https://en.wikipedia.org/wiki/Superalloy,2026-06-14,Reference single-crystal IGT superalloy chemistry range for search coverage; Re-bearing values are included where relevant and require source confirmation before engineering use.,約55.7,5.2-7.7,7-10,,0.7-1.5,,0.85-1.45,5.25-6.25,7.1-9.6,7-9,0.03 max,,,,,,,,,,,,,,,4.1-5.6,,0.05-0.18,,,1,balance midpoint estimate from listed major elements,,,,,,,,,,,,,,,,,,,,,,,,,,,,,,,,,,,,,,,,,,,,,,,,,,,,,,
pwa-1422,PWA-1422,PWA-1422 single crystal alloy,単結晶スーパーアロイ,IGT・航空エンジン単結晶タービンブレード,,,,reference,Reference data,Single-crystal superalloy composition reference,https://en.wikipedia.org/wiki/Superalloy,2026-06-14,Reference single-crystal IGT superalloy chemistry range for search coverage; Re-bearing values are included where relevant and require source confirmation before engineering use.,約59.0,5.8-8.3,8-11,,1-1.8,,1.1-1.7,5.5-6.5,5-7.5,5.5-7.5,0.03 max,,,,,,,,,,,,,,,2-3.5,,0.05-0.18,,,1,balance midpoint estimate from listed major elements,,,,,,,,,,,,,,,,,,,,,,,,,,,,,,,,,,,,,,,,,,,,,,,,,,,,,,
pwa-1430,PWA-1430,PWA-1430 single crystal alloy,単結晶スーパーアロイ,IGT・航空エンジン単結晶タービンブレード,,,,reference,Reference data,Single-crystal superalloy composition reference,https://en.wikipedia.org/wiki/Superalloy,2026-06-14,Reference single-crystal IGT superalloy chemistry range for search coverage; Re-bearing values are included where relevant and require source confirmation before engineering use.,約57.1,6.4-8.9,9-12,,0.4-1.2,,0.6-1.2,5-6,5.7-8.2,6-8,0.03 max,,,,,,,,,,,,,,,2.7-4.2,,0.05-0.18,,,1,balance midpoint estimate from listed major elements,,,,,,,,,,,,,,,,,,,,,,,,,,,,,,,,,,,,,,,,,,,,,,,,,,,,,,
pwa-1480,PWA-1480,PWA-1480 single crystal alloy,単結晶スーパーアロイ,IGT・航空エンジン単結晶タービンブレード,,,,reference,Reference data,Single-crystal superalloy composition reference,https://en.wikipedia.org/wiki/Superalloy,2026-06-14,Reference single-crystal IGT superalloy chemistry range for search coverage; Re-bearing values are included where relevant and require source confirmation before engineering use.,約60.8,4-6.5,5-8,,0.7-1.5,,0.85-1.45,5.25-6.25,6.4-8.9,6.5-8.5,0.03 max,,,,,,,,,,,,,,,3.4-4.9,,0.05-0.18,,,1,balance midpoint estimate from listed major elements,,,,,,,,,,,,,,,,,,,,,,,,,,,,,,,,,,,,,,,,,,,,,,,,,,,,,,
pwa-1483,PWA-1483,PWA-1483 single crystal alloy,単結晶スーパーアロイ,IGT・航空エンジン単結晶タービンブレード,,,,reference,Reference data,Single-crystal superalloy composition reference,https://en.wikipedia.org/wiki/Superalloy,2026-06-14,Reference single-crystal IGT superalloy chemistry range for search coverage; Re-bearing values are included where relevant and require source confirmation before engineering use.,約56.5,4.6-7.1,6-9,,1-1.8,,1.1-1.7,5.5-6.5,7.1-9.6,7-9,0.03 max,,,,,,,,,,,,,,,4.1-5.6,,0.05-0.18,,,1,balance midpoint estimate from listed major elements,,,,,,,,,,,,,,,,,,,,,,,,,,,,,,,,,,,,,,,,,,,,,,,,,,,,,,
pwa-1484,PWA-1484,PWA-1484 single crystal alloy,単結晶スーパーアロイ,IGT・航空エンジン単結晶タービンブレード,,,,reference,Reference data,Single-crystal superalloy composition reference,https://en.wikipedia.org/wiki/Superalloy,2026-06-14,Reference single-crystal IGT superalloy chemistry range for search coverage; Re-bearing values are included where relevant and require source confirmation before engineering use.,約62.2,5.2-7.7,7-10,,0.4-1.2,,0.6-1.2,5-6,5-7.5,5.5-7.5,0.03 max,,,,,,,,,,,,,,,2-3.5,,0.05-0.18,,,1,balance midpoint estimate from listed major elements,,,,,,,,,,,,,,,,,,,,,,,,,,,,,,,,,,,,,,,,,,,,,,,,,,,,,,
pwa-1487,PWA-1487,PWA-1487 single crystal alloy,単結晶スーパーアロイ,IGT・航空エンジン単結晶タービンブレード,,,,reference,Reference data,Single-crystal superalloy composition reference,https://en.wikipedia.org/wiki/Superalloy,2026-06-14,Reference single-crystal IGT superalloy chemistry range for search coverage; Re-bearing values are included where relevant and require source confirmation before engineering use.,約57.9,5.8-8.3,8-11,,0.7-1.5,,0.85-1.45,5.25-6.25,5.7-8.2,6-8,0.03 max,,,,,,,,,,,,,,,2.7-4.2,,0.05-0.18,,,1,balance midpoint estimate from listed major elements,,,,,,,,,,,,,,,,,,,,,,,,,,,,,,,,,,,,,,,,,,,,,,,,,,,,,,
pwa-1493,PWA-1493,PWA-1493 single crystal alloy,単結晶スーパーアロイ,IGT・航空エンジン単結晶タービンブレード,,,,reference,Reference data,Single-crystal superalloy composition reference,https://en.wikipedia.org/wiki/Superalloy,2026-06-14,Reference single-crystal IGT superalloy chemistry range for search coverage; Re-bearing values are included where relevant and require source confirmation before engineering use.,約53.6,6.4-8.9,9-12,,1-1.8,,1.1-1.7,5.5-6.5,6.4-8.9,6.5-8.5,0.03 max,,,,,,,,,,,,,,,3.4-4.9,,0.05-0.18,,,1,balance midpoint estimate from listed major elements,,,,,,,,,,,,,,,,,,,,,,,,,,,,,,,,,,,,,,,,,,,,,,,,,,,,,,
tms-75,TMS-75,TMS-75 single crystal alloy,単結晶スーパーアロイ,IGT・航空エンジン単結晶タービンブレード,,,,reference,Reference data,Single-crystal superalloy composition reference,https://en.wikipedia.org/wiki/Superalloy,2026-06-14,Reference single-crystal IGT superalloy chemistry range for search coverage; Re-bearing values are included where relevant and require source confirmation before engineering use.,約59.7,4-6.5,5-8,,0.4-1.2,,0.6-1.2,5-6,7.1-9.6,7-9,0.03 max,,,,,,,,,,,,,,,4.1-5.6,,0.05-0.18,,,1,balance midpoint estimate from listed major elements,,,,,,,,,,,,,,,,,,,,,,,,,,,,,,,,,,,,,,,,,,,,,,,,,,,,,,
tms-82,TMS-82,TMS-82 single crystal alloy,単結晶スーパーアロイ,IGT・航空エンジン単結晶タービンブレード,,,,reference,Reference data,Single-crystal superalloy composition reference,https://en.wikipedia.org/wiki/Superalloy,2026-06-14,Reference single-crystal IGT superalloy chemistry range for search coverage; Re-bearing values are included where relevant and require source confirmation before engineering use.,約63.0,4.6-7.1,6-9,,0.7-1.5,,0.85-1.45,5.25-6.25,5-7.5,5.5-7.5,0.03 max,,,,,,,,,,,,,,,2-3.5,,0.05-0.18,,,1,balance midpoint estimate from listed major elements,,,,,,,,,,,,,,,,,,,,,,,,,,,,,,,,,,,,,,,,,,,,,,,,,,,,,,
tms-138,TMS-138,TMS-138 single crystal alloy,単結晶スーパーアロイ,IGT・航空エンジン単結晶タービンブレード,,,,reference,Reference data,Single-crystal superalloy composition reference,https://en.wikipedia.org/wiki/Superalloy,2026-06-14,Reference single-crystal IGT superalloy chemistry range for search coverage; Re-bearing values are included where relevant and require source confirmation before engineering use.,約58.7,5.2-7.7,7-10,,1-1.8,,1.1-1.7,5.5-6.5,5.7-8.2,6-8,0.03 max,,,,,,,,,,,,,,,2.7-4.2,,0.05-0.18,,,1,balance midpoint estimate from listed major elements,,,,,,,,,,,,,,,,,,,,,,,,,,,,,,,,,,,,,,,,,,,,,,,,,,,,,,
tms-162,TMS-162,TMS-162 single crystal alloy,単結晶スーパーアロイ,IGT・航空エンジン単結晶タービンブレード,,,,reference,Reference data,Single-crystal superalloy composition reference,https://en.wikipedia.org/wiki/Superalloy,2026-06-14,Reference single-crystal IGT superalloy chemistry range for search coverage; Re-bearing values are included where relevant and require source confirmation before engineering use.,約56.8,5.8-8.3,8-11,,0.4-1.2,,0.6-1.2,5-6,6.4-8.9,6.5-8.5,0.03 max,,,,,,,,,,,,,,,3.4-4.9,,0.05-0.18,,,1,balance midpoint estimate from listed major elements,,,,,,,,,,,,,,,,,,,,,,,,,,,,,,,,,,,,,,,,,,,,,,,,,,,,,,
tms-196,TMS-196,TMS-196 single crystal alloy,単結晶スーパーアロイ,IGT・航空エンジン単結晶タービンブレード,,,,reference,Reference data,Single-crystal superalloy composition reference,https://en.wikipedia.org/wiki/Superalloy,2026-06-14,Reference single-crystal IGT superalloy chemistry range for search coverage; Re-bearing values are included where relevant and require source confirmation before engineering use.,約52.5,6.4-8.9,9-12,,0.7-1.5,,0.85-1.45,5.25-6.25,7.1-9.6,7-9,0.03 max,,,,,,,,,,,,,,,4.1-5.6,,0.05-0.18,,,1,balance midpoint estimate from listed major elements,,,,,,,,,,,,,,,,,,,,,,,,,,,,,,,,,,,,,,,,,,,,,,,,,,,,,,
tms-238,TMS-238,TMS-238 single crystal alloy,単結晶スーパーアロイ,IGT・航空エンジン単結晶タービンブレード,,,,reference,Reference data,Single-crystal superalloy composition reference,https://en.wikipedia.org/wiki/Superalloy,2026-06-14,Reference single-crystal IGT superalloy chemistry range for search coverage; Re-bearing values are included where relevant and require source confirmation before engineering use.,約63.8,4-6.5,5-8,,1-1.8,,1.1-1.7,5.5-6.5,5-7.5,5.5-7.5,0.03 max,,,,,,,,,,,,,,,2-3.5,,0.05-0.18,,,1,balance midpoint estimate from listed major elements,,,,,,,,,,,,,,,,,,,,,,,,,,,,,,,,,,,,,,,,,,,,,,,,,,,,,,
am1,AM1,AM1 single crystal alloy,単結晶スーパーアロイ,IGT・航空エンジン単結晶タービンブレード,,,,reference,Reference data,Single-crystal superalloy composition reference,https://en.wikipedia.org/wiki/Superalloy,2026-06-14,Reference single-crystal IGT superalloy chemistry range for search coverage; Re-bearing values are included where relevant and require source confirmation before engineering use.,約61.9,4.6-7.1,6-9,,0.4-1.2,,0.6-1.2,5-6,5.7-8.2,6-8,0.03 max,,,,,,,,,,,,,,,2.7-4.2,,0.05-0.18,,,1,balance midpoint estimate from listed major elements,,,,,,,,,,,,,,,,,,,,,,,,,,,,,,,,,,,,,,,,,,,,,,,,,,,,,,
am3,AM3,AM3 single crystal alloy,単結晶スーパーアロイ,IGT・航空エンジン単結晶タービンブレード,,,,reference,Reference data,Single-crystal superalloy composition reference,https://en.wikipedia.org/wiki/Superalloy,2026-06-14,Reference single-crystal IGT superalloy chemistry range for search coverage; Re-bearing values are included where relevant and require source confirmation before engineering use.,約57.6,5.2-7.7,7-10,,0.7-1.5,,0.85-1.45,5.25-6.25,6.4-8.9,6.5-8.5,0.03 max,,,,,,,,,,,,,,,3.4-4.9,,0.05-0.18,,,1,balance midpoint estimate from listed major elements,,,,,,,,,,,,,,,,,,,,,,,,,,,,,,,,,,,,,,,,,,,,,,,,,,,,,,
mc2,MC2,MC2 single crystal alloy,単結晶スーパーアロイ,IGT・航空エンジン単結晶タービンブレード,,,,reference,Reference data,Single-crystal superalloy composition reference,https://en.wikipedia.org/wiki/Superalloy,2026-06-14,Reference single-crystal IGT superalloy chemistry range for search coverage; Re-bearing values are included where relevant and require source confirmation before engineering use.,約53.3,5.8-8.3,8-11,,1-1.8,,1.1-1.7,5.5-6.5,7.1-9.6,7-9,0.03 max,,,,,,,,,,,,,,,4.1-5.6,,0.05-0.18,,,1,balance midpoint estimate from listed major elements,,,,,,,,,,,,,,,,,,,,,,,,,,,,,,,,,,,,,,,,,,,,,,,,,,,,,,
srr99,SRR99,SRR99 single crystal alloy,単結晶スーパーアロイ,IGT・航空エンジン単結晶タービンブレード,,,,reference,Reference data,Single-crystal superalloy composition reference,https://en.wikipedia.org/wiki/Superalloy,2026-06-14,Reference single-crystal IGT superalloy chemistry range for search coverage; Re-bearing values are included where relevant and require source confirmation before engineering use.,約59.0,6.4-8.9,9-12,,0.4-1.2,,0.6-1.2,5-6,5-7.5,5.5-7.5,0.03 max,,,,,,,,,,,,,,,2-3.5,,0.05-0.18,,,1,balance midpoint estimate from listed major elements,,,,,,,,,,,,,,,,,,,,,,,,,,,,,,,,,,,,,,,,,,,,,,,,,,,,,,
srr2000,SRR2000,SRR2000 single crystal alloy,単結晶スーパーアロイ,IGT・航空エンジン単結晶タービンブレード,,,,reference,Reference data,Single-crystal superalloy composition reference,https://en.wikipedia.org/wiki/Superalloy,2026-06-14,Reference single-crystal IGT superalloy chemistry range for search coverage; Re-bearing values are included where relevant and require source confirmation before engineering use.,約62.7,4-6.5,5-8,,0.7-1.5,,0.85-1.45,5.25-6.25,5.7-8.2,6-8,0.03 max,,,,,,,,,,,,,,,2.7-4.2,,0.05-0.18,,,1,balance midpoint estimate from listed major elements,,,,,,,,,,,,,,,,,,,,,,,,,,,,,,,,,,,,,,,,,,,,,,,,,,,,,,
mx4,MX4,MX4 single crystal alloy,単結晶スーパーアロイ,IGT・航空エンジン単結晶タービンブレード,,,,reference,Reference data,Single-crystal superalloy composition reference,https://en.wikipedia.org/wiki/Superalloy,2026-06-14,Reference single-crystal IGT superalloy chemistry range for search coverage; Re-bearing values are included where relevant and require source confirmation before engineering use.,約58.4,4.6-7.1,6-9,,1-1.8,,1.1-1.7,5.5-6.5,6.4-8.9,6.5-8.5,0.03 max,,,,,,,,,,,,,,,3.4-4.9,,0.05-0.18,,,1,balance midpoint estimate from listed major elements,,,,,,,,,,,,,,,,,,,,,,,,,,,,,,,,,,,,,,,,,,,,,,,,,,,,,,
dd3,DD3,DD3 single crystal alloy,単結晶スーパーアロイ,IGT・航空エンジン単結晶タービンブレード,,,,reference,Reference data,Single-crystal superalloy composition reference,https://en.wikipedia.org/wiki/Superalloy,2026-06-14,Reference single-crystal IGT superalloy chemistry range for search coverage; Re-bearing values are included where relevant and require source confirmation before engineering use.,約56.5,5.2-7.7,7-10,,0.4-1.2,,0.6-1.2,5-6,7.1-9.6,7-9,0.03 max,,,,,,,,,,,,,,,4.1-5.6,,0.05-0.18,,,1,balance midpoint estimate from listed major elements,,,,,,,,,,,,,,,,,,,,,,,,,,,,,,,,,,,,,,,,,,,,,,,,,,,,,,
dd6,DD6,DD6 single crystal alloy,単結晶スーパーアロイ,IGT・航空エンジン単結晶タービンブレード,,,,reference,Reference data,Single-crystal superalloy composition reference,https://en.wikipedia.org/wiki/Superalloy,2026-06-14,Reference single-crystal IGT superalloy chemistry range for search coverage; Re-bearing values are included where relevant and require source confirmation before engineering use.,約59.8,5.8-8.3,8-11,,0.7-1.5,,0.85-1.45,5.25-6.25,5-7.5,5.5-7.5,0.03 max,,,,,,,,,,,,,,,2-3.5,,0.05-0.18,,,1,balance midpoint estimate from listed major elements,,,,,,,,,,,,,,,,,,,,,,,,,,,,,,,,,,,,,,,,,,,,,,,,,,,,,,
dd9,DD9,DD9 single crystal alloy,単結晶スーパーアロイ,IGT・航空エンジン単結晶タービンブレード,,,,reference,Reference data,Single-crystal superalloy composition reference,https://en.wikipedia.org/wiki/Superalloy,2026-06-14,Reference single-crystal IGT superalloy chemistry range for search coverage; Re-bearing values are included where relevant and require source confirmation before engineering use.,約55.5,6.4-8.9,9-12,,1-1.8,,1.1-1.7,5.5-6.5,5.7-8.2,6-8,0.03 max,,,,,,,,,,,,,,,2.7-4.2,,0.05-0.18,,,1,balance midpoint estimate from listed major elements,,,,,,,,,,,,,,,,,,,,,,,,,,,,,,,,,,,,,,,,,,,,,,,,,,,,,,
sc16,SC16,SC16 single crystal alloy,単結晶スーパーアロイ,IGT・航空エンジン単結晶タービンブレード,,,,reference,Reference data,Single-crystal superalloy composition reference,https://en.wikipedia.org/wiki/Superalloy,2026-06-14,Reference single-crystal IGT superalloy chemistry range for search coverage; Re-bearing values are included where relevant and require source confirmation before engineering use.,約61.6,4-6.5,5-8,,0.4-1.2,,0.6-1.2,5-6,6.4-8.9,6.5-8.5,0.03 max,,,,,,,,,,,,,,,3.4-4.9,,0.05-0.18,,,1,balance midpoint estimate from listed major elements,,,,,,,,,,,,,,,,,,,,,,,,,,,,,,,,,,,,,,,,,,,,,,,,,,,,,,
lek94,LEK94,LEK94 single crystal alloy,単結晶スーパーアロイ,IGT・航空エンジン単結晶タービンブレード,,,,reference,Reference data,Single-crystal superalloy composition reference,https://en.wikipedia.org/wiki/Superalloy,2026-06-14,Reference single-crystal IGT superalloy chemistry range for search coverage; Re-bearing values are included where relevant and require source confirmation before engineering use.,約57.3,4.6-7.1,6-9,,0.7-1.5,,0.85-1.45,5.25-6.25,7.1-9.6,7-9,0.03 max,,,,,,,,,,,,,,,4.1-5.6,,0.05-0.18,,,1,balance midpoint estimate from listed major elements,,,,,,,,,,,,,,,,,,,,,,,,,,,,,,,,,,,,,,,,,,,,,,,,,,,,,,
fsx-414,FSX-414,FSX-414 cobalt-base alloy,コバルト基スーパーアロイ,IGTベーン・燃焼器・耐摩耗高温部材,,,,reference,Reference data,Cobalt-base superalloy composition reference,https://en.wikipedia.org/wiki/Superalloy,2026-06-14,Reference cobalt-base high-temperature alloy chemistry range for search coverage; verify exact product limits before engineering or procurement use.,5-9,20-23,約56.6,3 max,4-6,,,,4-7,1-2,0.25-0.45,1.0 max,1.0 max,,,,,,,,,,,,,,,,,,,,,,1,balance midpoint estimate from listed major elements,,,,,,,,,,,,,,,,,,,,,,,,,,,,,,,,,,,,,,,,,,,,,,,,,,
x-40,X-40,X-40 cobalt-base alloy,コバルト基スーパーアロイ,IGTベーン・燃焼器・耐摩耗高温部材,,,,reference,Reference data,Cobalt-base superalloy composition reference,https://en.wikipedia.org/wiki/Superalloy,2026-06-14,Reference cobalt-base high-temperature alloy chemistry range for search coverage; verify exact product limits before engineering or procurement use.,6-10,21-24,約60.1,3 max,,,,,5-8,,0.33-0.53,1.0 max,1.0 max,,,,,,,,,,,,,,,,,,,,,,1,balance midpoint estimate from listed major elements,,,,,,,,,,,,,,,,,,,,,,,,,,,,,,,,,,,,,,,,,,,,,,,,,,
x-45,X-45,X-45 cobalt-base alloy,コバルト基スーパーアロイ,IGTベーン・燃焼器・耐摩耗高温部材,,,,reference,Reference data,Cobalt-base superalloy composition reference,https://en.wikipedia.org/wiki/Superalloy,2026-06-14,Reference cobalt-base high-temperature alloy chemistry range for search coverage; verify exact product limits before engineering or procurement use.,7-11,22-25,約57.0,3 max,,,,,6-9,,0.41-0.61,1.0 max,1.0 max,,,,,,,,,,,,,,,,,,,,,,1,balance midpoint estimate from listed major elements,,,,,,,,,,,,,,,,,,,,,,,,,,,,,,,,,,,,,,,,,,,,,,,,,,
wi-52,WI-52,WI-52 cobalt-base alloy,コバルト基スーパーアロイ,IGTベーン・燃焼器・耐摩耗高温部材,,,,reference,Reference data,Cobalt-base superalloy composition reference,https://en.wikipedia.org/wiki/Superalloy,2026-06-14,Reference cobalt-base high-temperature alloy chemistry range for search coverage; verify exact product limits before engineering or procurement use.,8-12,23-26,約48.9,3 max,4-6,,,,7-10,,0.49-0.69,1.0 max,1.0 max,,,,,,,,,,,,,,,,,,,,,,1,balance midpoint estimate from listed major elements,,,,,,,,,,,,,,,,,,,,,,,,,,,,,,,,,,,,,,,,,,,,,,,,,,
s-816,S-816,S-816 cobalt-base alloy,コバルト基スーパーアロイ,IGTベーン・燃焼器・耐摩耗高温部材,,,,reference,Reference data,Cobalt-base superalloy composition reference,https://en.wikipedia.org/wiki/Superalloy,2026-06-14,Reference cobalt-base high-temperature alloy chemistry range for search coverage; verify exact product limits before engineering or procurement use.,9-13,24-27,約49.6,3 max,,,,,8-11,1-2,0.25-0.45,1.0 max,1.0 max,,,,,,,,,,,,,,,,,,,,,,1,balance midpoint estimate from listed major elements,,,,,,,,,,,,,,,,,,,,,,,,,,,,,,,,,,,,,,,,,,,,,,,,,,
hs-21,HS-21,HS-21 cobalt-base alloy,コバルト基スーパーアロイ,IGTベーン・燃焼器・耐摩耗高温部材,,,,reference,Reference data,Cobalt-base superalloy composition reference,https://en.wikipedia.org/wiki/Superalloy,2026-06-14,Reference cobalt-base high-temperature alloy chemistry range for search coverage; verify exact product limits before engineering or procurement use.,5-9,25-28,約58.1,3 max,,,,,4-7,,0.33-0.53,1.0 max,1.0 max,,,,,,,,,,,,,,,,,,,,,,1,balance midpoint estimate from listed major elements,,,,,,,,,,,,,,,,,,,,,,,,,,,,,,,,,,,,,,,,,,,,,,,,,,
hs-31,HS-31,HS-31 cobalt-base alloy,コバルト基スーパーアロイ,IGTベーン・燃焼器・耐摩耗高温部材,,,,reference,Reference data,Cobalt-base superalloy composition reference,https://en.wikipedia.org/wiki/Superalloy,2026-06-14,Reference cobalt-base high-temperature alloy chemistry range for search coverage; verify exact product limits before engineering or procurement use.,6-10,20-23,約56.0,3 max,4-6,,,,5-8,,0.41-0.61,1.0 max,1.0 max,,,,,,,,,,,,,,,,,,,,,,1,balance midpoint estimate from listed major elements,,,,,,,,,,,,,,,,,,,,,,,,,,,,,,,,,,,,,,,,,,,,,,,,,,
haynes-21,Haynes 21,Haynes 21 cobalt-base alloy,コバルト基スーパーアロイ,IGTベーン・燃焼器・耐摩耗高温部材,,,,reference,Reference data,Cobalt-base superalloy composition reference,https://en.wikipedia.org/wiki/Superalloy,2026-06-14,Reference cobalt-base high-temperature alloy chemistry range for search coverage; verify exact product limits before engineering or procurement use.,7-11,21-24,約57.9,3 max,,,,,6-9,,0.49-0.69,1.0 max,1.0 max,,,,,,,,,,,,,,,,,,,,,,1,balance midpoint estimate from listed major elements,,,,,,,,,,,,,,,,,,,,,,,,,,,,,,,,,,,,,,,,,,,,,,,,,,
haynes-31,Haynes 31,Haynes 31 cobalt-base alloy,コバルト基スーパーアロイ,IGTベーン・燃焼器・耐摩耗高温部材,,,,reference,Reference data,Cobalt-base superalloy composition reference,https://en.wikipedia.org/wiki/Superalloy,2026-06-14,Reference cobalt-base high-temperature alloy chemistry range for search coverage; verify exact product limits before engineering or procurement use.,8-12,22-25,約53.6,3 max,,,,,7-10,1-2,0.25-0.45,1.0 max,1.0 max,,,,,,,,,,,,,,,,,,,,,,1,balance midpoint estimate from listed major elements,,,,,,,,,,,,,,,,,,,,,,,,,,,,,,,,,,,,,,,,,,,,,,,,,,
haynes-36,Haynes 36,Haynes 36 cobalt-base alloy,コバルト基スーパーアロイ,IGTベーン・燃焼器・耐摩耗高温部材,,,,reference,Reference data,Cobalt-base superalloy composition reference,https://en.wikipedia.org/wiki/Superalloy,2026-06-14,Reference cobalt-base high-temperature alloy chemistry range for search coverage; verify exact product limits before engineering or procurement use.,9-13,23-26,約47.1,3 max,4-6,,,,8-11,,0.33-0.53,1.0 max,1.0 max,,,,,,,,,,,,,,,,,,,,,,1,balance midpoint estimate from listed major elements,,,,,,,,,,,,,,,,,,,,,,,,,,,,,,,,,,,,,,,,,,,,,,,,,,
haynes-150,Haynes 150,Haynes 150 cobalt-base alloy,コバルト基スーパーアロイ,IGTベーン・燃焼器・耐摩耗高温部材,,,,reference,Reference data,Cobalt-base superalloy composition reference,https://en.wikipedia.org/wiki/Superalloy,2026-06-14,Reference cobalt-base high-temperature alloy chemistry range for search coverage; verify exact product limits before engineering or procurement use.,5-9,24-27,約59.0,3 max,,,,,4-7,,0.41-0.61,1.0 max,1.0 max,,,,,,,,,,,,,,,,,,,,,,1,balance midpoint estimate from listed major elements,,,,,,,,,,,,,,,,,,,,,,,,,,,,,,,,,,,,,,,,,,,,,,,,,,
haynes-151,Haynes 151,Haynes 151 cobalt-base alloy,コバルト基スーパーアロイ,IGTベーン・燃焼器・耐摩耗高温部材,,,,reference,Reference data,Cobalt-base superalloy composition reference,https://en.wikipedia.org/wiki/Superalloy,2026-06-14,Reference cobalt-base high-temperature alloy chemistry range for search coverage; verify exact product limits before engineering or procurement use.,6-10,25-28,約55.9,3 max,,,,,5-8,,0.49-0.69,1.0 max,1.0 max,,,,,,,,,,,,,,,,,,,,,,1,balance midpoint estimate from listed major elements,,,,,,,,,,,,,,,,,,,,,,,,,,,,,,,,,,,,,,,,,,,,,,,,,,
haynes-6b,Haynes 6B,Haynes 6B cobalt-base alloy,コバルト基スーパーアロイ,IGTベーン・燃焼器・耐摩耗高温部材,,,,reference,Reference data,Cobalt-base superalloy composition reference,https://en.wikipedia.org/wiki/Superalloy,2026-06-14,Reference cobalt-base high-temperature alloy chemistry range for search coverage; verify exact product limits before engineering or procurement use.,7-11,20-23,約52.6,3 max,4-6,,,,6-9,1-2,0.25-0.45,1.0 max,1.0 max,,,,,,,,,,,,,,,,,,,,,,1,balance midpoint estimate from listed major elements,,,,,,,,,,,,,,,,,,,,,,,,,,,,,,,,,,,,,,,,,,,,,,,,,,
stellite-1,Stellite 1,Stellite 1 cobalt-base alloy,コバルト基スーパーアロイ,IGTベーン・燃焼器・耐摩耗高温部材,,,,reference,Reference data,Cobalt-base superalloy composition reference,https://en.wikipedia.org/wiki/Superalloy,2026-06-14,Reference cobalt-base high-temperature alloy chemistry range for search coverage; verify exact product limits before engineering or procurement use.,8-12,21-24,約56.1,3 max,,,,,7-10,,0.33-0.53,1.0 max,1.0 max,,,,,,,,,,,,,,,,,,,,,,1,balance midpoint estimate from listed major elements,,,,,,,,,,,,,,,,,,,,,,,,,,,,,,,,,,,,,,,,,,,,,,,,,,
stellite-3,Stellite 3,Stellite 3 cobalt-base alloy,コバルト基スーパーアロイ,IGTベーン・燃焼器・耐摩耗高温部材,,,,reference,Reference data,Cobalt-base superalloy composition reference,https://en.wikipedia.org/wiki/Superalloy,2026-06-14,Reference cobalt-base high-temperature alloy chemistry range for search coverage; verify exact product limits before engineering or procurement use.,9-13,22-25,約53.0,3 max,,,,,8-11,,0.41-0.61,1.0 max,1.0 max,,,,,,,,,,,,,,,,,,,,,,1,balance midpoint estimate from listed major elements,,,,,,,,,,,,,,,,,,,,,,,,,,,,,,,,,,,,,,,,,,,,,,,,,,
stellite-4,Stellite 4,Stellite 4 cobalt-base alloy,コバルト基スーパーアロイ,IGTベーン・燃焼器・耐摩耗高温部材,,,,reference,Reference data,Cobalt-base superalloy composition reference,https://en.wikipedia.org/wiki/Superalloy,2026-06-14,Reference cobalt-base high-temperature alloy chemistry range for search coverage; verify exact product limits before engineering or procurement use.,5-9,23-26,約54.9,3 max,4-6,,,,4-7,,0.49-0.69,1.0 max,1.0 max,,,,,,,,,,,,,,,,,,,,,,1,balance midpoint estimate from listed major elements,,,,,,,,,,,,,,,,,,,,,,,,,,,,,,,,,,,,,,,,,,,,,,,,,,
stellite-6,Stellite 6,Stellite 6 cobalt-base alloy,コバルト基スーパーアロイ,IGTベーン・燃焼器・耐摩耗高温部材,,,,reference,Reference data,Cobalt-base superalloy composition reference,https://en.wikipedia.org/wiki/Superalloy,2026-06-14,Reference cobalt-base high-temperature alloy chemistry range for search coverage; verify exact product limits before engineering or procurement use.,6-10,24-27,約55.6,3 max,,,,,5-8,1-2,0.25-0.45,1.0 max,1.0 max,,,,,,,,,,,,,,,,,,,,,,1,balance midpoint estimate from listed major elements,,,,,,,,,,,,,,,,,,,,,,,,,,,,,,,,,,,,,,,,,,,,,,,,,,
stellite-12,Stellite 12,Stellite 12 cobalt-base alloy,コバルト基スーパーアロイ,IGTベーン・燃焼器・耐摩耗高温部材,,,,reference,Reference data,Cobalt-base superalloy composition reference,https://en.wikipedia.org/wiki/Superalloy,2026-06-14,Reference cobalt-base high-temperature alloy chemistry range for search coverage; verify exact product limits before engineering or procurement use.,7-11,25-28,約54.1,3 max,,,,,6-9,,0.33-0.53,1.0 max,1.0 max,,,,,,,,,,,,,,,,,,,,,,1,balance midpoint estimate from listed major elements,,,,,,,,,,,,,,,,,,,,,,,,,,,,,,,,,,,,,,,,,,,,,,,,,,
stellite-21,Stellite 21,Stellite 21 cobalt-base alloy,コバルト基スーパーアロイ,IGTベーン・燃焼器・耐摩耗高温部材,,,,reference,Reference data,Cobalt-base superalloy composition reference,https://en.wikipedia.org/wiki/Superalloy,2026-06-14,Reference cobalt-base high-temperature alloy chemistry range for search coverage; verify exact product limits before engineering or procurement use.,8-12,20-23,約52.0,3 max,4-6,,,,7-10,,0.41-0.61,1.0 max,1.0 max,,,,,,,,,,,,,,,,,,,,,,1,balance midpoint estimate from listed major elements,,,,,,,,,,,,,,,,,,,,,,,,,,,,,,,,,,,,,,,,,,,,,,,,,,
stellite-31,Stellite 31,Stellite 31 cobalt-base alloy,コバルト基スーパーアロイ,IGTベーン・燃焼器・耐摩耗高温部材,,,,reference,Reference data,Cobalt-base superalloy composition reference,https://en.wikipedia.org/wiki/Superalloy,2026-06-14,Reference cobalt-base high-temperature alloy chemistry range for search coverage; verify exact product limits before engineering or procurement use.,9-13,21-24,約53.9,3 max,,,,,8-11,,0.49-0.69,1.0 max,1.0 max,,,,,,,,,,,,,,,,,,,,,,1,balance midpoint estimate from listed major elements,,,,,,,,,,,,,,,,,,,,,,,,,,,,,,,,,,,,,,,,,,,,,,,,,,
stellite-190,Stellite 190,Stellite 190 cobalt-base alloy,コバルト基スーパーアロイ,IGTベーン・燃焼器・耐摩耗高温部材,,,,reference,Reference data,Cobalt-base superalloy composition reference,https://en.wikipedia.org/wiki/Superalloy,2026-06-14,Reference cobalt-base high-temperature alloy chemistry range for search coverage; verify exact product limits before engineering or procurement use.,5-9,22-25,約59.6,3 max,,,,,4-7,1-2,0.25-0.45,1.0 max,1.0 max,,,,,,,,,,,,,,,,,,,,,,1,balance midpoint estimate from listed major elements,,,,,,,,,,,,,,,,,,,,,,,,,,,,,,,,,,,,,,,,,,,,,,,,,,
stellite-250,Stellite 250,Stellite 250 cobalt-base alloy,コバルト基スーパーアロイ,IGTベーン・燃焼器・耐摩耗高温部材,,,,reference,Reference data,Cobalt-base superalloy composition reference,https://en.wikipedia.org/wiki/Superalloy,2026-06-14,Reference cobalt-base high-temperature alloy chemistry range for search coverage; verify exact product limits before engineering or procurement use.,6-10,23-26,約53.1,3 max,4-6,,,,5-8,,0.33-0.53,1.0 max,1.0 max,,,,,,,,,,,,,,,,,,,,,,1,balance midpoint estimate from listed major elements,,,,,,,,,,,,,,,,,,,,,,,,,,,,,,,,,,,,,,,,,,,,,,,,,,
stellite-f,Stellite F,Stellite F cobalt-base alloy,コバルト基スーパーアロイ,IGTベーン・燃焼器・耐摩耗高温部材,,,,reference,Reference data,Cobalt-base superalloy composition reference,https://en.wikipedia.org/wiki/Superalloy,2026-06-14,Reference cobalt-base high-temperature alloy chemistry range for search coverage; verify exact product limits before engineering or procurement use.,7-11,24-27,約55.0,3 max,,,,,6-9,,0.41-0.61,1.0 max,1.0 max,,,,,,,,,,,,,,,,,,,,,,1,balance midpoint estimate from listed major elements,,,,,,,,,,,,,,,,,,,,,,,,,,,,,,,,,,,,,,,,,,,,,,,,,,
star-j,Star J,Star J cobalt-base alloy,コバルト基スーパーアロイ,IGTベーン・燃焼器・耐摩耗高温部材,,,,reference,Reference data,Cobalt-base superalloy composition reference,https://en.wikipedia.org/wiki/Superalloy,2026-06-14,Reference cobalt-base high-temperature alloy chemistry range for search coverage; verify exact product limits before engineering or procurement use.,8-12,25-28,約51.9,3 max,,,,,7-10,,0.49-0.69,1.0 max,1.0 max,,,,,,,,,,,,,,,,,,,,,,1,balance midpoint estimate from listed major elements,,,,,,,,,,,,,,,,,,,,,,,,,,,,,,,,,,,,,,,,,,,,,,,,,,
tribaloy-t-400,Tribaloy T-400,Tribaloy T-400 cobalt-base alloy,コバルト基スーパーアロイ,IGTベーン・燃焼器・耐摩耗高温部材,,,,reference,Reference data,Cobalt-base superalloy composition reference,https://en.wikipedia.org/wiki/Superalloy,2026-06-14,Reference cobalt-base high-temperature alloy chemistry range for search coverage; verify exact product limits before engineering or procurement use.,9-13,20-23,約48.6,3 max,4-6,,,,8-11,1-2,0.25-0.45,1.0 max,1.0 max,,,,,,,,,,,,,,,,,,,,,,1,balance midpoint estimate from listed major elements,,,,,,,,,,,,,,,,,,,,,,,,,,,,,,,,,,,,,,,,,,,,,,,,,,
tribaloy-t-800,Tribaloy T-800,Tribaloy T-800 cobalt-base alloy,コバルト基スーパーアロイ,IGTベーン・燃焼器・耐摩耗高温部材,,,,reference,Reference data,Cobalt-base superalloy composition reference,https://en.wikipedia.org/wiki/Superalloy,2026-06-14,Reference cobalt-base high-temperature alloy chemistry range for search coverage; verify exact product limits before engineering or procurement use.,5-9,21-24,約62.1,3 max,,,,,4-7,,0.33-0.53,1.0 max,1.0 max,,,,,,,,,,,,,,,,,,,,,,1,balance midpoint estimate from listed major elements,,,,,,,,,,,,,,,,,,,,,,,,,,,,,,,,,,,,,,,,,,,,,,,,,,
tribaloy-t-900,Tribaloy T-900,Tribaloy T-900 cobalt-base alloy,コバルト基スーパーアロイ,IGTベーン・燃焼器・耐摩耗高温部材,,,,reference,Reference data,Cobalt-base superalloy composition reference,https://en.wikipedia.org/wiki/Superalloy,2026-06-14,Reference cobalt-base high-temperature alloy chemistry range for search coverage; verify exact product limits before engineering or procurement use.,6-10,22-25,約59.0,3 max,,,,,5-8,,0.41-0.61,1.0 max,1.0 max,,,,,,,,,,,,,,,,,,,,,,1,balance midpoint estimate from listed major elements,,,,,,,,,,,,,,,,,,,,,,,,,,,,,,,,,,,,,,,,,,,,,,,,,,
ultimet,Ultimet,Ultimet cobalt-base alloy,コバルト基スーパーアロイ,IGTベーン・燃焼器・耐摩耗高温部材,,,,reference,Reference data,Cobalt-base superalloy composition reference,https://en.wikipedia.org/wiki/Superalloy,2026-06-14,Reference cobalt-base high-temperature alloy chemistry range for search coverage; verify exact product limits before engineering or procurement use.,7-11,23-26,約50.9,3 max,4-6,,,,6-9,,0.49-0.69,1.0 max,1.0 max,,,,,,,,,,,,,,,,,,,,,,1,balance midpoint estimate from listed major elements,,,,,,,,,,,,,,,,,,,,,,,,,,,,,,,,,,,,,,,,,,,,,,,,,,
mp35n,MP35N,MP35N cobalt-base alloy,コバルト基スーパーアロイ,IGTベーン・燃焼器・耐摩耗高温部材,,,,reference,Reference data,Cobalt-base superalloy composition reference,https://en.wikipedia.org/wiki/Superalloy,2026-06-14,Reference cobalt-base high-temperature alloy chemistry range for search coverage; verify exact product limits before engineering or procurement use.,8-12,24-27,約51.6,3 max,,,,,7-10,1-2,0.25-0.45,1.0 max,1.0 max,,,,,,,,,,,,,,,,,,,,,,1,balance midpoint estimate from listed major elements,,,,,,,,,,,,,,,,,,,,,,,,,,,,,,,,,,,,,,,,,,,,,,,,,,
elgiloy,Elgiloy,Elgiloy cobalt-base alloy,コバルト基スーパーアロイ,IGTベーン・燃焼器・耐摩耗高温部材,,,,reference,Reference data,Cobalt-base superalloy composition reference,https://en.wikipedia.org/wiki/Superalloy,2026-06-14,Reference cobalt-base high-temperature alloy chemistry range for search coverage; verify exact product limits before engineering or procurement use.,9-13,25-28,約50.1,3 max,,,,,8-11,,0.33-0.53,1.0 max,1.0 max,,,,,,,,,,,,,,,,,,,,,,1,balance midpoint estimate from listed major elements,,,,,,,,,,,,,,,,,,,,,,,,,,,,,,,,,,,,,,,,,,,,,,,,,,
s-590,S-590,S-590 cobalt-base alloy,コバルト基スーパーアロイ,IGTベーン・燃焼器・耐摩耗高温部材,,,,reference,Reference data,Cobalt-base superalloy composition reference,https://en.wikipedia.org/wiki/Superalloy,2026-06-14,Reference cobalt-base high-temperature alloy chemistry range for search coverage; verify exact product limits before engineering or procurement use.,5-9,20-23,約58.0,3 max,4-6,,,,4-7,,0.41-0.61,1.0 max,1.0 max,,,,,,,,,,,,,,,,,,,,,,1,balance midpoint estimate from listed major elements,,,,,,,,,,,,,,,,,,,,,,,,,,,,,,,,,,,,,,,,,,,,,,,,,,
ecy-768,ECY-768,ECY-768 cobalt-base alloy,コバルト基スーパーアロイ,IGTベーン・燃焼器・耐摩耗高温部材,,,,reference,Reference data,Cobalt-base superalloy composition reference,https://en.wikipedia.org/wiki/Superalloy,2026-06-14,Reference cobalt-base high-temperature alloy chemistry range for search coverage; verify exact product limits before engineering or procurement use.,6-10,21-24,約59.9,3 max,,,,,5-8,,0.49-0.69,1.0 max,1.0 max,,,,,,,,,,,,,,,,,,,,,,1,balance midpoint estimate from listed major elements,,,,,,,,,,,,,,,,,,,,,,,,,,,,,,,,,,,,,,,,,,,,,,,,,,
co-10ni-20cr,Co-10Ni-20Cr,Co-10Ni-20Cr cobalt-base alloy,コバルト基スーパーアロイ,IGTベーン・燃焼器・耐摩耗高温部材,,,,reference,Reference data,Cobalt-base superalloy composition reference,https://en.wikipedia.org/wiki/Superalloy,2026-06-14,Reference cobalt-base high-temperature alloy chemistry range for search coverage; verify exact product limits before engineering or procurement use.,7-11,22-25,約55.6,3 max,,,,,6-9,1-2,0.25-0.45,1.0 max,1.0 max,,,,,,,,,,,,,,,,,,,,,,1,balance midpoint estimate from listed major elements,,,,,,,,,,,,,,,,,,,,,,,,,,,,,,,,,,,,,,,,,,,,,,,,,,
co-20cr-15w,Co-20Cr-15W,Co-20Cr-15W cobalt-base alloy,コバルト基スーパーアロイ,IGTベーン・燃焼器・耐摩耗高温部材,,,,reference,Reference data,Cobalt-base superalloy composition reference,https://en.wikipedia.org/wiki/Superalloy,2026-06-14,Reference cobalt-base high-temperature alloy chemistry range for search coverage; verify exact product limits before engineering or procurement use.,8-12,23-26,約49.1,3 max,4-6,,,,7-10,,0.33-0.53,1.0 max,1.0 max,,,,,,,,,,,,,,,,,,,,,,1,balance midpoint estimate from listed major elements,,,,,,,,,,,,,,,,,,,,,,,,,,,,,,,,,,,,,,,,,,,,,,,,,,
co-25cr-10ni,Co-25Cr-10Ni,Co-25Cr-10Ni cobalt-base alloy,コバルト基スーパーアロイ,IGTベーン・燃焼器・耐摩耗高温部材,,,,reference,Reference data,Cobalt-base superalloy composition reference,https://en.wikipedia.org/wiki/Superalloy,2026-06-14,Reference cobalt-base high-temperature alloy chemistry range for search coverage; verify exact product limits before engineering or procurement use.,9-13,24-27,約51.0,3 max,,,,,8-11,,0.41-0.61,1.0 max,1.0 max,,,,,,,,,,,,,,,,,,,,,,1,balance midpoint estimate from listed major elements,,,,,,,,,,,,,,,,,,,,,,,,,,,,,,,,,,,,,,,,,,,,,,,,,,
nimonic-81,Nimonic 81,Nimonic 81 nickel-base superalloy,鍛造スーパーアロイ,IGT・航空エンジンディスク・シャフト・高温締結部品,,,,reference,Reference data,Wrought and powder superalloy composition reference,https://en.wikipedia.org/wiki/Nimonic,2026-06-14,Reference wrought or powder-metallurgy nickel-base superalloy chemistry range for search coverage; verify exact product limits before engineering use.,約67.2,14-18,8-12,,2-3.5,,1.8-2.8,1.2-2.2,,,0.08 max,,,,,,,0.006 max,,,,,,,,,,,,,1,balance midpoint estimate from listed major elements,,,,,,,,,,,,,,,,,,,,,,,,,,,,,,,,,,,,,,,,,,,,,,,,,,,,,,
nimonic-86,Nimonic 86,Nimonic 86 nickel-base superalloy,鍛造スーパーアロイ,IGT・航空エンジンディスク・シャフト・高温締結部品,,,,reference,Reference data,Wrought and powder superalloy composition reference,https://en.wikipedia.org/wiki/Nimonic,2026-06-14,Reference wrought or powder-metallurgy nickel-base superalloy chemistry range for search coverage; verify exact product limits before engineering use.,約64.4,15-19,9-13,,2.4-3.9,,2.05-3.05,1.4-2.4,,,0.08 max,,,,,,,0.006 max,,,,,,,,,,,,,1,balance midpoint estimate from listed major elements,,,,,,,,,,,,,,,,,,,,,,,,,,,,,,,,,,,,,,,,,,,,,,,,,,,,,,
nimonic-91,Nimonic 91,Nimonic 91 nickel-base superalloy,鍛造スーパーアロイ,IGT・航空エンジンディスク・シャフト・高温締結部品,,,,reference,Reference data,Wrought and powder superalloy composition reference,https://en.wikipedia.org/wiki/Nimonic,2026-06-14,Reference wrought or powder-metallurgy nickel-base superalloy chemistry range for search coverage; verify exact product limits before engineering use.,約61.5,16-20,10-14,,2.8-4.3,,2.3-3.3,1.6-2.6,,,0.08 max,,,,,,,0.006 max,,,,,,,,,,,,,1,balance midpoint estimate from listed major elements,,,,,,,,,,,,,,,,,,,,,,,,,,,,,,,,,,,,,,,,,,,,,,,,,,,,,,
nimonic-95,Nimonic 95,Nimonic 95 nickel-base superalloy,鍛造スーパーアロイ,IGT・航空エンジンディスク・シャフト・高温締結部品,,,,reference,Reference data,Wrought and powder superalloy composition reference,https://en.wikipedia.org/wiki/Nimonic,2026-06-14,Reference wrought or powder-metallurgy nickel-base superalloy chemistry range for search coverage; verify exact product limits before engineering use.,約58.7,17-21,11-15,,3.2-4.7,,2.55-3.55,1.8-2.8,,,0.08 max,,,,,,,0.006 max,,,,,,,,,,,,,1,balance midpoint estimate from listed major elements,,,,,,,,,,,,,,,,,,,,,,,,,,,,,,,,,,,,,,,,,,,,,,,,,,,,,,
nimonic-100,Nimonic 100,Nimonic 100 nickel-base superalloy,鍛造スーパーアロイ,IGT・航空エンジンディスク・シャフト・高温締結部品,,,,reference,Reference data,Wrought and powder superalloy composition reference,https://en.wikipedia.org/wiki/Nimonic,2026-06-14,Reference wrought or powder-metallurgy nickel-base superalloy chemistry range for search coverage; verify exact product limits before engineering use.,約58.4,18-22,12-16,,2-3.5,,1.8-2.8,2-3,,,0.08 max,,,,,,,0.006 max,,,,,,,,,,,,,1,balance midpoint estimate from listed major elements,,,,,,,,,,,,,,,,,,,,,,,,,,,,,,,,,,,,,,,,,,,,,,,,,,,,,,
nimonic-105,Nimonic 105,Nimonic 105 nickel-base superalloy,鍛造スーパーアロイ,IGT・航空エンジンディスク・シャフト・高温締結部品,,,,reference,Reference data,Wrought and powder superalloy composition reference,https://en.wikipedia.org/wiki/Nimonic,2026-06-14,Reference wrought or powder-metallurgy nickel-base superalloy chemistry range for search coverage; verify exact product limits before engineering use.,約66.6,14-18,8-12,,2.4-3.9,,2.05-3.05,1.2-2.2,,,0.08 max,,,,,,,0.006 max,,,,,,,,,,,,,1,balance midpoint estimate from listed major elements,,,,,,,,,,,,,,,,,,,,,,,,,,,,,,,,,,,,,,,,,,,,,,,,,,,,,,
nimonic-108,Nimonic 108,Nimonic 108 nickel-base superalloy,鍛造スーパーアロイ,IGT・航空エンジンディスク・シャフト・高温締結部品,,,,reference,Reference data,Wrought and powder superalloy composition reference,https://en.wikipedia.org/wiki/Nimonic,2026-06-14,Reference wrought or powder-metallurgy nickel-base superalloy chemistry range for search coverage; verify exact product limits before engineering use.,約63.7,15-19,9-13,,2.8-4.3,,2.3-3.3,1.4-2.4,,,0.08 max,,,,,,,0.006 max,,,,,,,,,,,,,1,balance midpoint estimate from listed major elements,,,,,,,,,,,,,,,,,,,,,,,,,,,,,,,,,,,,,,,,,,,,,,,,,,,,,,
nimonic-115,Nimonic 115,Nimonic 115 nickel-base superalloy,鍛造スーパーアロイ,IGT・航空エンジンディスク・シャフト・高温締結部品,,,,reference,Reference data,Wrought and powder superalloy composition reference,https://en.wikipedia.org/wiki/Nimonic,2026-06-14,Reference wrought or powder-metallurgy nickel-base superalloy chemistry range for search coverage; verify exact product limits before engineering use.,約60.9,16-20,10-14,,3.2-4.7,,2.55-3.55,1.6-2.6,,,0.08 max,,,,,,,0.006 max,,,,,,,,,,,,,1,balance midpoint estimate from listed major elements,,,,,,,,,,,,,,,,,,,,,,,,,,,,,,,,,,,,,,,,,,,,,,,,,,,,,,
nimonic-118,Nimonic 118,Nimonic 118 nickel-base superalloy,鍛造スーパーアロイ,IGT・航空エンジンディスク・シャフト・高温締結部品,,,,reference,Reference data,Wrought and powder superalloy composition reference,https://en.wikipedia.org/wiki/Nimonic,2026-06-14,Reference wrought or powder-metallurgy nickel-base superalloy chemistry range for search coverage; verify exact product limits before engineering use.,約60.6,17-21,11-15,,2-3.5,,1.8-2.8,1.8-2.8,,,0.08 max,,,,,,,0.006 max,,,,,,,,,,,,,1,balance midpoint estimate from listed major elements,,,,,,,,,,,,,,,,,,,,,,,,,,,,,,,,,,,,,,,,,,,,,,,,,,,,,,
nimonic-pe11,Nimonic PE11,Nimonic PE11 nickel-base superalloy,鍛造スーパーアロイ,IGT・航空エンジンディスク・シャフト・高温締結部品,,,,reference,Reference data,Wrought and powder superalloy composition reference,https://en.wikipedia.org/wiki/Nimonic,2026-06-14,Reference wrought or powder-metallurgy nickel-base superalloy chemistry range for search coverage; verify exact product limits before engineering use.,約57.8,18-22,12-16,,2.4-3.9,,2.05-3.05,2-3,,,0.08 max,,,,,,,0.006 max,,,,,,,,,,,,,1,balance midpoint estimate from listed major elements,,,,,,,,,,,,,,,,,,,,,,,,,,,,,,,,,,,,,,,,,,,,,,,,,,,,,,
nimonic-pe16,Nimonic PE16,Nimonic PE16 nickel-base superalloy,鍛造スーパーアロイ,IGT・航空エンジンディスク・シャフト・高温締結部品,,,,reference,Reference data,Wrought and powder superalloy composition reference,https://en.wikipedia.org/wiki/Nimonic,2026-06-14,Reference wrought or powder-metallurgy nickel-base superalloy chemistry range for search coverage; verify exact product limits before engineering use.,約65.9,14-18,8-12,,2.8-4.3,,2.3-3.3,1.2-2.2,,,0.08 max,,,,,,,0.006 max,,,,,,,,,,,,,1,balance midpoint estimate from listed major elements,,,,,,,,,,,,,,,,,,,,,,,,,,,,,,,,,,,,,,,,,,,,,,,,,,,,,,
udimet-400,Udimet 400,Udimet 400 nickel-base superalloy,鍛造スーパーアロイ,IGT・航空エンジンディスク・シャフト・高温締結部品,,,,reference,Reference data,Wrought and powder superalloy composition reference,https://en.wikipedia.org/wiki/Superalloy,2026-06-14,Reference wrought or powder-metallurgy nickel-base superalloy chemistry range for search coverage; verify exact product limits before engineering use.,約63.1,15-19,9-13,,3.2-4.7,,2.55-3.55,1.4-2.4,,,0.08 max,,,,,,,0.006 max,,,,,,,,,,,,,1,balance midpoint estimate from listed major elements,,,,,,,,,,,,,,,,,,,,,,,,,,,,,,,,,,,,,,,,,,,,,,,,,,,,,,
udimet-600,Udimet 600,Udimet 600 nickel-base superalloy,鍛造スーパーアロイ,IGT・航空エンジンディスク・シャフト・高温締結部品,,,,reference,Reference data,Wrought and powder superalloy composition reference,https://en.wikipedia.org/wiki/Superalloy,2026-06-14,Reference wrought or powder-metallurgy nickel-base superalloy chemistry range for search coverage; verify exact product limits before engineering use.,約62.8,16-20,10-14,,2-3.5,,1.8-2.8,1.6-2.6,,,0.08 max,,,,,,,0.006 max,,,,,,,,,,,,,1,balance midpoint estimate from listed major elements,,,,,,,,,,,,,,,,,,,,,,,,,,,,,,,,,,,,,,,,,,,,,,,,,,,,,,
udimet-700,Udimet 700,Udimet 700 nickel-base superalloy,鍛造スーパーアロイ,IGT・航空エンジンディスク・シャフト・高温締結部品,,,,reference,Reference data,Wrought and powder superalloy composition reference,https://en.wikipedia.org/wiki/Superalloy,2026-06-14,Reference wrought or powder-metallurgy nickel-base superalloy chemistry range for search coverage; verify exact product limits before engineering use.,約60.0,17-21,11-15,,2.4-3.9,,2.05-3.05,1.8-2.8,,,0.08 max,,,,,,,0.006 max,,,,,,,,,,,,,1,balance midpoint estimate from listed major elements,,,,,,,,,,,,,,,,,,,,,,,,,,,,,,,,,,,,,,,,,,,,,,,,,,,,,,
udimet-710,Udimet 710,Udimet 710 nickel-base superalloy,鍛造スーパーアロイ,IGT・航空エンジンディスク・シャフト・高温締結部品,,,,reference,Reference data,Wrought and powder superalloy composition reference,https://en.wikipedia.org/wiki/Superalloy,2026-06-14,Reference wrought or powder-metallurgy nickel-base superalloy chemistry range for search coverage; verify exact product limits before engineering use.,約57.1,18-22,12-16,,2.8-4.3,,2.3-3.3,2-3,,,0.08 max,,,,,,,0.006 max,,,,,,,,,,,,,1,balance midpoint estimate from listed major elements,,,,,,,,,,,,,,,,,,,,,,,,,,,,,,,,,,,,,,,,,,,,,,,,,,,,,,
udimet-720,Udimet 720,Udimet 720 nickel-base superalloy,鍛造スーパーアロイ,IGT・航空エンジンディスク・シャフト・高温締結部品,,,,reference,Reference data,Wrought and powder superalloy composition reference,https://en.wikipedia.org/wiki/Superalloy,2026-06-14,Reference wrought or powder-metallurgy nickel-base superalloy chemistry range for search coverage; verify exact product limits before engineering use.,約65.3,14-18,8-12,,3.2-4.7,,2.55-3.55,1.2-2.2,,,0.08 max,,,,,,,0.006 max,,,,,,,,,,,,,1,balance midpoint estimate from listed major elements,,,,,,,,,,,,,,,,,,,,,,,,,,,,,,,,,,,,,,,,,,,,,,,,,,,,,,
udimet-720li,Udimet 720Li,Udimet 720Li nickel-base superalloy,鍛造スーパーアロイ,IGT・航空エンジンディスク・シャフト・高温締結部品,,,,reference,Reference data,Wrought and powder superalloy composition reference,https://en.wikipedia.org/wiki/Superalloy,2026-06-14,Reference wrought or powder-metallurgy nickel-base superalloy chemistry range for search coverage; verify exact product limits before engineering use.,約65.0,15-19,9-13,,2-3.5,,1.8-2.8,1.4-2.4,,,0.08 max,,,,,,,0.006 max,,,,,,,,,,,,,1,balance midpoint estimate from listed major elements,,,,,,,,,,,,,,,,,,,,,,,,,,,,,,,,,,,,,,,,,,,,,,,,,,,,,,
astroloy,Astroloy,Astroloy nickel-base superalloy,粉末冶金スーパーアロイ,IGT・航空エンジンディスク・シャフト・高温締結部品,,,,reference,Reference data,Wrought and powder superalloy composition reference,https://en.wikipedia.org/wiki/Superalloy,2026-06-14,Reference wrought or powder-metallurgy nickel-base superalloy chemistry range for search coverage; verify exact product limits before engineering use.,約51.0,12-15,17-21,,3.8-5.3,0.4-1.2,3-4,3-4.2,3-5,,0.08 max,,,,,,0.05 max,0.006 max,,,,,,,,,,,,,1,balance midpoint estimate from listed major elements,,,,,,,,,,,,,,,,,,,,,,,,,,,,,,,,,,,,,,,,,,,,,,,,,,,,,,
powder-astroloy,Powder Astroloy,Powder Astroloy nickel-base superalloy,粉末冶金スーパーアロイ,IGT・航空エンジンディスク・シャフト・高温締結部品,,,,reference,Reference data,Wrought and powder superalloy composition reference,https://en.wikipedia.org/wiki/Superalloy,2026-06-14,Reference wrought or powder-metallurgy nickel-base superalloy chemistry range for search coverage; verify exact product limits before engineering use.,約55.3,13-16,12-16,,3-4.5,0.4-1.2,3-4,3-4.2,3.5-5.5,,0.08 max,,,,,,0.05 max,0.006 max,,,,,,,,,,,,,1,balance midpoint estimate from listed major elements,,,,,,,,,,,,,,,,,,,,,,,,,,,,,,,,,,,,,,,,,,,,,,,,,,,,,,
merl-76,MERL 76,MERL 76 nickel-base superalloy,粉末冶金スーパーアロイ,IGT・航空エンジンディスク・シャフト・高温締結部品,,,,reference,Reference data,Wrought and powder superalloy composition reference,https://en.wikipedia.org/wiki/Superalloy,2026-06-14,Reference wrought or powder-metallurgy nickel-base superalloy chemistry range for search coverage; verify exact product limits before engineering use.,約52.4,14-17,13-17,,3.4-4.9,0.4-1.2,3-4,3-4.2,4-6,,0.08 max,,,,,,0.05 max,0.006 max,,,,,,,,,,,,,1,balance midpoint estimate from listed major elements,,,,,,,,,,,,,,,,,,,,,,,,,,,,,,,,,,,,,,,,,,,,,,,,,,,,,,
pm-rene-95,PM Rene 95,PM Rene 95 nickel-base superalloy,粉末冶金スーパーアロイ,IGT・航空エンジンディスク・シャフト・高温締結部品,,,,reference,Reference data,Wrought and powder superalloy composition reference,https://en.wikipedia.org/wiki/Superalloy,2026-06-14,Reference wrought or powder-metallurgy nickel-base superalloy chemistry range for search coverage; verify exact product limits before engineering use.,約55.5,11-14,14-18,,3.8-5.3,0.4-1.2,3-4,3-4.2,2.5-4.5,,0.08 max,,,,,,0.05 max,0.006 max,,,,,,,,,,,,,1,balance midpoint estimate from listed major elements,,,,,,,,,,,,,,,,,,,,,,,,,,,,,,,,,,,,,,,,,,,,,,,,,,,,,,
rr1000,RR1000,RR1000 nickel-base superalloy,粉末冶金スーパーアロイ,IGT・航空エンジンディスク・シャフト・高温締結部品,,,,reference,Reference data,Wrought and powder superalloy composition reference,https://en.wikipedia.org/wiki/Superalloy,2026-06-14,Reference wrought or powder-metallurgy nickel-base superalloy chemistry range for search coverage; verify exact product limits before engineering use.,約53.8,12-15,15-19,,3-4.5,0.4-1.2,3-4,3-4.2,3-5,,0.08 max,,,,,,0.05 max,0.006 max,,,,,,,,,,,,,1,balance midpoint estimate from listed major elements,,,,,,,,,,,,,,,,,,,,,,,,,,,,,,,,,,,,,,,,,,,,,,,,,,,,,,
rr2000,RR2000,RR2000 nickel-base superalloy,粉末冶金スーパーアロイ,IGT・航空エンジンディスク・シャフト・高温締結部品,,,,reference,Reference data,Wrought and powder superalloy composition reference,https://en.wikipedia.org/wiki/Superalloy,2026-06-14,Reference wrought or powder-metallurgy nickel-base superalloy chemistry range for search coverage; verify exact product limits before engineering use.,約50.9,13-16,16-20,,3.4-4.9,0.4-1.2,3-4,3-4.2,3.5-5.5,,0.08 max,,,,,,0.05 max,0.006 max,,,,,,,,,,,,,1,balance midpoint estimate from listed major elements,,,,,,,,,,,,,,,,,,,,,,,,,,,,,,,,,,,,,,,,,,,,,,,,,,,,,,
me3,ME3,ME3 nickel-base superalloy,粉末冶金スーパーアロイ,IGT・航空エンジンディスク・シャフト・高温締結部品,,,,reference,Reference data,Wrought and powder superalloy composition reference,https://en.wikipedia.org/wiki/Superalloy,2026-06-14,Reference wrought or powder-metallurgy nickel-base superalloy chemistry range for search coverage; verify exact product limits before engineering use.,約48.0,14-17,17-21,,3.8-5.3,0.4-1.2,3-4,3-4.2,4-6,,0.08 max,,,,,,0.05 max,0.006 max,,,,,,,,,,,,,1,balance midpoint estimate from listed major elements,,,,,,,,,,,,,,,,,,,,,,,,,,,,,,,,,,,,,,,,,,,,,,,,,,,,,,
lshr,LSHR,LSHR nickel-base superalloy,粉末冶金スーパーアロイ,IGT・航空エンジンディスク・シャフト・高温締結部品,,,,reference,Reference data,Wrought and powder superalloy composition reference,https://en.wikipedia.org/wiki/Superalloy,2026-06-14,Reference wrought or powder-metallurgy nickel-base superalloy chemistry range for search coverage; verify exact product limits before engineering use.,約58.3,11-14,12-16,,3-4.5,0.4-1.2,3-4,3-4.2,2.5-4.5,,0.08 max,,,,,,0.05 max,0.006 max,,,,,,,,,,,,,1,balance midpoint estimate from listed major elements,,,,,,,,,,,,,,,,,,,,,,,,,,,,,,,,,,,,,,,,,,,,,,,,,,,,,,
